Date,Open,High,Low,Close,Volume,Dividends,Stock Splits
2019-09-02,567.5648803710938,567.5648803710938,548.3253929008872,567.5648803710938,74282400,0.0,0.0
2019-09-03,586.8043548351026,683.0017900539718,567.5648677913288,630.0932006835938,92037500,0.0,0.0
2019-09-04,630.0931786070479,687.8116377160904,620.4734354222074,678.19189453125,63289600,0.0,0.0
2019-09-05,683.0017776489258,711.8610076904297,673.3820343017578,692.6215209960938,40137300,0.0,0.0
2019-09-06,692.6214380058453,697.4313091031081,663.7622114222684,668.5720825195312,35909000,0.0,0.0
2019-09-09,673.381953616794,683.0016958113197,668.5720825195312,668.5720825195312,26896400,0.0,0.0
2019-09-10,654.1425327845982,678.1918906075614,620.4734318324497,673.3820190429688,34622700,0.0,0.0
2019-09-11,673.381953616794,687.8115669085824,663.7622114222684,668.5720825195312,22152200,0.0,0.0
2019-09-12,668.5722010515738,673.3820730015851,654.1425852015399,663.7623291015625,31385700,0.0,0.0
2019-09-13,663.7622599882238,673.3820028866038,654.1425170898438,654.1425170898438,32061200,0.0,0.0
2019-09-16,654.1425435223917,658.9524151659388,610.8536987304688,610.8536987304688,38812200,0.0,0.0
2019-09-17,610.8536987304688,620.4734420175628,601.2339554433747,610.8536987304688,22781900,0.0,0.0
2019-09-18,610.853702545166,625.283317565918,610.853702545166,615.66357421875,31215000,0.0,0.0
2019-09-19,615.6635817307692,625.2833251953125,615.6635817307692,625.2833251953125,33121600,0.0,0.0
2019-09-20,630.093151946566,654.1425088910914,625.2832805576609,644.5227661132812,32007400,0.0,0.0
2019-09-23,644.5228042602539,649.3326759338379,610.853702545166,615.66357421875,33101700,0.0,0.0
2019-09-24,615.66357421875,625.283317565918,601.233959197998,615.66357421875,32590800,0.0,0.0
2019-09-25,615.6635703740158,615.6635703740158,606.0438270869217,610.8536987304688,32572400,0.0,0.0
2019-09-26,610.853702545166,625.283317565918,606.043830871582,615.66357421875,34000500,0.0,0.0
2019-09-27,610.8536987304688,615.6635703740158,606.0438270869217,610.8536987304688,31074200,0.0,0.0
2019-09-30,610.8536987304688,620.4734420175628,606.0438270869217,610.8536987304688,33185300,0.0,0.0
2019-10-01,610.8536948552207,615.663566468254,606.0438232421875,606.0438232421875,32792900,0.0,0.0
2019-10-02,606.0438072329662,610.8536787189421,577.1845783171107,586.8043212890625,37878700,0.0,0.0
2019-10-03,581.9945068359375,586.8043787932593,577.1846348786157,581.9945068359375,19144800,0.0,0.0
2019-10-04,581.9943801879883,586.8042510986328,577.1845092773438,577.1845092773438,22245200,0.0,0.0
2019-10-07,581.9945068359375,581.9945068359375,577.1846348786157,581.9945068359375,17674500,0.0,0.0
2019-10-08,581.9943801879883,586.8042510986328,577.1845092773438,577.1845092773438,17876000,0.0,0.0
2019-10-09,581.9943801879883,581.9943801879883,577.1845092773438,577.1845092773438,16624600,0.0,0.0
2019-10-10,581.9944375943736,581.9944375943736,572.3746948242188,572.3746948242188,18469500,0.0,0.0
2019-10-11,577.1845092773438,581.9943801879883,572.3746383666993,577.1845092773438,18791300,0.0,0.0
2019-10-14,577.1845092773438,581.9943801879883,572.3746383666993,577.1845092773438,17953900,0.0,0.0
2019-10-15,577.1845092773438,581.9943801879883,572.3746383666993,577.1845092773438,18205600,0.0,0.0
2019-10-16,577.1845662092962,581.9944375943736,572.3746948242188,572.3746948242188,10016900,0.0,0.0
2019-10-17,572.3746948242188,581.9944375943736,572.3746948242188,572.3746948242188,7235100,0.0,0.0
2019-10-18,572.3746948242188,577.1845662092962,572.3746948242188,572.3746948242188,695900,0.0,0.0
2019-10-21,572.3746948242188,577.1845662092962,543.515466513754,572.3746948242188,9522700,0.0,0.0
2019-10-22,572.3746383666993,577.1845092773438,567.5647674560547,577.1845092773438,8566400,0.0,0.0
2019-10-23,577.1846348786157,586.8043787932593,572.3747629212938,581.9945068359375,11187700,0.0,0.0
2019-10-24,581.9944964373553,678.1919338650174,581.9944964373553,649.3327026367188,23880800,0.0,0.0
2019-10-25,649.3326838566707,663.7622990534855,620.4734534630409,625.2833251953125,11394400,0.0,0.0
2019-10-28,625.2833251953125,644.522812124399,615.6635817307692,625.2833251953125,12907100,0.0,0.0
2019-10-29,625.2833096943205,625.2833096943205,606.0438232421875,606.0438232421875,6833600,0.0,0.0
2019-10-30,606.0437749818313,634.9030023619185,601.2339037518168,620.473388671875,9674900,0.0,0.0
2019-10-31,625.283317565918,634.9030609130859,615.66357421875,615.66357421875,5743300,0.0,0.0
2019-11-01,615.6635174418604,630.093131131904,610.8536462118459,620.473388671875,4065000,0.0,0.0
2019-11-04,625.2833325935133,649.3326915394176,620.4734608043324,634.903076171875,9762500,0.0,0.0
2019-11-05,639.7129403921274,644.522812124399,625.2833251953125,625.2833251953125,4812700,0.0,0.0
2019-11-06,630.093131131904,630.093131131904,615.6635174418604,620.473388671875,5238000,0.0,0.0
2019-11-07,620.4734571617068,634.9030724445372,610.85371363982,630.0932006835938,9224600,0.0,0.0
2019-11-08,630.0931969275841,634.9030686598558,620.4734534630409,625.2833251953125,5620300,0.0,0.0
2019-11-11,625.2833056640625,630.0931772460938,601.2339477539062,601.2339477539062,7238000,0.0,0.0
2019-11-12,601.2339516291543,610.8536948552207,596.424080016121,606.0438232421875,4746100,0.0,0.0
2019-11-13,606.0438270869217,615.6635703740158,601.2339554433747,610.8536987304688,5402100,0.0,0.0
2019-11-14,610.8536948552207,620.4734380812872,601.2339516291543,606.0438232421875,6732300,0.0,0.0
2019-11-15,606.043855311507,615.6635990466102,548.3253929008872,567.5648803710938,8482100,0.0,0.0
2019-11-18,567.5648364485982,567.5648364485982,442.50817757009344,514.65625,6586900,0.0,0.0
2019-11-19,490.6068629214638,548.3253173828125,465.5955326548794,548.3253173828125,3691200,0.0,0.0
2019-11-20,533.8957557678223,572.3747291564941,505.03652572631836,538.7056274414062,769700,0.0,0.0
2019-11-21,572.3747068311347,586.8043212890625,557.945092373207,586.8043212890625,1284500,0.0,0.0
2019-11-22,586.8043212890625,596.4240642610143,562.7549638591829,586.8043212890625,962000,0.0,0.0
2019-11-25,577.1845783171107,586.8043212890625,567.5648353451588,586.8043212890625,556600,0.0,0.0
2019-11-26,581.9945068359375,586.8043787932593,572.3747629212938,581.9945068359375,12314300,0.0,0.0
2019-11-27,581.9943801879883,581.9943801879883,548.3252838134766,577.1845092773438,4580600,0.0,0.0
2019-11-28,577.1845092773438,577.1845092773438,557.9450256347657,577.1845092773438,4364400,0.0,0.0
2019-11-29,577.1846348786157,581.9945068359375,567.5648909639721,581.9945068359375,4384900,0.0,0.0
2019-12-02,581.9944375943736,586.8043089794511,562.7549520540638,572.3746948242188,3778800,0.0,0.0
2019-12-03,572.3746778405231,572.3746778405231,553.1351928710938,553.1351928710938,4354300,0.0,0.0
2019-12-04,548.3253857842807,557.9451293945312,533.8957703689049,557.9451293945312,4814700,0.0,0.0
2019-12-05,553.1352575894059,557.9451293945312,538.7056421740301,557.9451293945312,5022400,0.0,0.0
2019-12-06,557.945064113451,557.945064113451,529.0858366593071,553.1351928710938,4546200,0.0,0.0
2019-12-09,548.3253378988314,572.3746948242188,538.7055951286765,572.3746948242188,5330400,0.0,0.0
2019-12-10,567.5648730047818,567.5648730047818,533.8957703689049,557.9451293945312,5126200,0.0,0.0
2019-12-11,557.9450597930373,557.9450597930373,543.5154461777001,548.3253173828125,3164900,0.0,0.0
2019-12-12,548.3253173828125,548.3253173828125,543.5154461777001,548.3253173828125,2880600,0.0,0.0
2019-12-13,548.3253216287364,557.945064113451,543.515450386379,553.1351928710938,4160600,0.0,0.0
2019-12-16,548.3253857842807,557.9451293945312,548.3253857842807,557.9451293945312,3048100,0.0,0.0
2019-12-17,553.1351928710938,553.1351928710938,538.7055791440217,553.1351928710938,3809000,0.0,0.0
2019-12-18,553.1351885879249,553.1351885879249,538.7055749725878,548.3253173828125,4144000,0.0,0.0
2019-12-19,543.5155029296875,548.3253746370299,533.8957595150027,543.5155029296875,4251700,0.0,0.0
2019-12-20,543.5155029296875,543.5155029296875,519.4661443929757,543.5155029296875,2214400,0.0,0.0
2019-12-23,538.7056274414062,538.7056274414062,524.2760124206543,538.7056274414062,3180100,0.0,0.0
2019-12-26,533.8958129882812,533.8958129882812,529.0859407991976,533.8958129882812,3767100,0.0,0.0
2019-12-27,533.8956864790483,533.8956864790483,519.4660733309659,529.0858154296875,2909400,0.0,0.0
2019-12-30,529.0858154296875,577.1845259232955,519.4660733309659,529.0858154296875,2738300,0.0,0.0
2020-01-02,529.0859407991976,533.8958129882812,524.2760686101141,533.8958129882812,3251500,0.0,0.0
2020-01-03,529.0858154296875,529.0858154296875,519.4660733309659,529.0858154296875,1725000,0.0,0.0
2020-01-06,524.2760009765625,529.0858725451549,519.4661294079702,524.2760009765625,1497400,0.0,0.0
2020-01-07,524.2760042676739,524.2760042676739,490.6069030761719,490.6069030761719,704500,0.0,0.0
2020-01-08,495.4167316805932,495.4167316805932,467.5194788286763,477.13922119140625,2298400,0.0,0.0
2020-01-09,477.139274691358,477.139274691358,450.2039930555556,467.51953125,1985300,0.0,0.0
2020-01-10,467.51953125,477.139274691358,455.9758391203704,467.51953125,1991000,0.0,0.0
2020-01-13,469.4434814453125,471.3674301397605,467.51953275086447,469.4434814453125,2114500,0.0,0.0
2020-01-14,469.44344431559244,469.44344431559244,459.8237016042073,461.7476501464844,1775100,0.0,0.0
2020-01-15,455.9758156224301,457.89976421155427,438.6602783203125,438.6602783203125,2209500,0.0,0.0
2020-01-16,438.66025436258764,438.66025436258764,380.9417998411945,411.7249755859375,3571300,0.0,0.0
2020-01-17,404.02919615330717,432.888424449972,404.02919615330717,429.04052734375,2265500,0.0,0.0
2020-01-20,429.04052402962384,436.7363181826216,415.57288426187785,425.192626953125,2465700,0.0,0.0
2020-01-21,423.2686880506608,485.79701696723566,415.572893722467,436.736328125,2320800,0.0,0.0
2020-01-22,434.81237300308294,434.81237300308294,413.6489389188621,429.04052734375,2147900,0.0,0.0
2020-01-23,429.04052065496575,436.7363147474315,405.9531383775685,421.3447265625,2298700,0.0,0.0
2020-01-24,421.34471800616967,421.34471800616967,404.02918164975176,411.7249755859375,1711200,0.0,0.0
2020-01-27,409.801032141057,419.4207746795795,405.95313512564803,417.496826171875,2315900,0.0,0.0
2020-01-28,415.5728935828576,415.5728935828576,400.1813049316406,400.1813049316406,2513300,0.0,0.0
2020-01-29,400.1813339749396,404.0292314170063,398.25738525390625,398.25738525390625,2376200,0.0,0.0
2020-01-30,400.1813049316406,402.1052535130427,398.2573563502385,400.1813049316406,2212200,0.0,0.0
2020-01-31,400.1813049316406,404.0292020944449,386.7136648618258,400.1813049316406,2343300,0.0,0.0
2020-02-03,398.25738525390625,398.25738525390625,386.71369292770606,398.25738525390625,2483800,0.0,0.0
2020-02-04,394.4094818566233,394.4094818566233,386.7136870886892,390.56158447265625,2341500,0.0,0.0
2020-02-05,390.5615635922081,402.1052551269531,384.7897178248355,402.1052551269531,3024700,0.0,0.0
2020-02-06,402.10528269597296,402.10528269597296,384.7897442066727,398.25738525390625,2253000,0.0,0.0
2020-02-07,402.1052535130427,402.1052535130427,398.2573563502385,400.1813049316406,2233000,0.0,0.0
2020-02-10,400.1813049316406,402.1052535130427,388.6376134432279,400.1813049316406,2410600,0.0,0.0
2020-02-11,400.1813309832317,400.1813309832317,384.7897413300305,394.40948486328125,1900000,0.0,0.0
2020-02-12,394.40948033096765,396.33342901550895,377.0939421700959,388.63763427734375,2736900,0.0,0.0
2020-02-13,384.7897033691406,396.33339447021484,380.9418063354492,384.7897033691406,2383300,0.0,0.0
2020-02-14,365.550219787294,392.485499140042,365.550219787294,386.7136535644531,2293100,0.0,0.0
2020-02-17,386.7136746920072,386.7136746920072,375.16998291015625,375.16998291015625,2532400,0.0,0.0
2020-02-18,380.94178699311755,384.7896838314319,355.9304575440745,363.6262512207031,2825800,0.0,0.0
2020-02-19,371.3220902259904,380.94183349609375,371.3220902259904,380.94183349609375,2513600,0.0,0.0
2020-02-20,380.94183349609375,382.86578215011446,367.47419291794904,380.94183349609375,2470500,0.0,0.0
2020-02-21,363.62629707374765,382.86578369140625,363.62629707374765,382.86578369140625,1160900,0.0,0.0
2020-02-24,382.86578215011446,382.86578215011446,367.47419291794904,380.94183349609375,2701300,0.0,0.0
2020-02-25,379.01788017077325,379.01788017077325,373.2460342798478,375.16998291015625,2488200,0.0,0.0
2020-02-26,373.2460342798478,375.16998291015625,344.38680482522034,375.16998291015625,2159900,0.0,0.0
2020-02-27,373.24600730934725,382.8657497657737,369.39811032677665,379.0178527832031,2508100,0.0,0.0
2020-02-28,380.9418303820552,380.9418303820552,346.3107548927774,377.09393310546875,3287000,0.0,0.0
2020-03-02,375.16998291015625,375.16998291015625,363.6262911283053,375.16998291015625,2457800,0.0,0.0
2020-03-03,373.2460342798478,375.16998291015625,361.7023424979968,375.16998291015625,2468200,0.0,0.0
2020-03-04,369.3981370192308,375.16998291015625,369.3981370192308,375.16998291015625,2395200,0.0,0.0
2020-03-05,369.3981370192308,377.0939315404647,369.3981370192308,375.16998291015625,2417900,0.0,0.0
2020-03-06,373.2460358288823,377.09393310546875,369.3981385522959,377.09393310546875,2455100,0.0,0.0
2020-03-09,375.16998446717554,377.09393310546875,367.4741899140027,377.09393310546875,2451600,0.0,0.0
2020-03-10,373.24603113362207,375.16997974771294,369.39813390544043,371.32208251953125,2357000,0.0,0.0
2020-03-11,369.3981354703608,373.24603271484375,365.5502382258779,373.24603271484375,2492100,0.0,0.0
2020-03-12,373.2460334123884,373.2460334123884,336.6910095214844,336.6910095214844,2591900,0.0,0.0
2020-03-13,336.6910268025226,346.3107704254518,313.6036421074925,319.37548828125,2419500,0.0,0.0
2020-03-16,319.3754626392613,325.1473083496094,300.13597693810095,325.1473083496094,2032600,0.0,0.0
2020-03-17,325.14728922783576,328.99518614177464,303.9838562011719,303.9838562011719,1955300,0.0,0.0
2020-03-18,290.51623822756466,367.47418212890625,282.82044383743045,367.47418212890625,1858900,0.0,0.0
2020-03-19,354.0065403988487,365.55023193359375,342.46284886410365,365.55023193359375,1561600,0.0,0.0
2020-03-20,365.5502270377256,367.47417560108204,340.5388957140918,359.77838134765625,1171100,0.0,0.0
2020-03-23,340.53893622036634,355.93052655801006,334.76708984375,334.76708984375,1065700,0.0,0.0
2020-03-24,334.7670608956473,340.5389067731585,311.67967738560264,336.6910095214844,113600,0.0,0.0
2020-03-26,317.4515546378443,340.5389404296875,317.4515546378443,340.5389404296875,237100,0.0,0.0
2020-03-27,367.4742046934186,367.4742046934186,317.4515380859375,317.4515380859375,281600,0.0,0.0
2020-03-30,317.45154937567736,354.00657627348266,298.21206153472724,332.8431396484375,38700,0.0,0.0
2020-03-31,365.5502202602032,365.5502202602032,344.3867864556651,352.08258056640625,78100,0.0,0.0
2020-04-01,355.9304957798549,355.9304957798549,328.99521501813615,336.6910095214844,19400,0.0,0.0
2020-04-02,325.1473458827227,354.0065777658046,313.60365312948994,334.76708984375,9900,0.0,0.0
2020-04-03,334.7670528636259,355.930487240062,323.22336138556983,327.0712585449219,52600,0.0,0.0
2020-04-06,327.0712557705966,361.7023299110127,307.8317701370321,359.77838134765625,86700,0.0,0.0
2020-04-07,359.7783780484586,359.7783780484586,336.6909954998944,355.93048095703125,98000,0.0,0.0
2020-04-08,336.6909954998944,357.85442950274495,334.7670469541807,355.93048095703125,177300,0.0,0.0
2020-04-09,357.8544278352157,357.8544278352157,336.69099393098253,354.00653076171875,44800,0.0,0.0
2020-04-13,336.6909891202305,355.93047421281506,330.9191435924551,348.23468017578125,139400,0.0,0.0
2020-04-14,355.9304957798549,355.9304957798549,327.0712663922991,336.6910095214844,41800,0.0,0.0
2020-04-15,355.93047762177684,355.93047762177684,327.0712497064976,352.08258056640625,160600,0.0,0.0
2020-04-16,330.9191636439732,350.1586499023437,330.9191636439732,336.6910095214844,4500,0.0,0.0
2020-04-17,328.99521501813615,336.6910095214844,317.4515232631138,336.6910095214844,118000,0.0,0.0
2020-04-20,336.69103863595546,336.69103863595546,327.07129467492814,334.76708984375,93200,0.0,0.0
2020-04-21,317.4515232631138,336.6910095214844,315.52757463727676,336.6910095214844,20200,0.0,0.0
2020-04-22,319.3754995061063,336.69103863595546,317.4515507139009,334.76708984375,29300,0.0,0.0
2020-04-23,334.76708984375,336.69103863595546,325.1473458827227,334.76708984375,7900,0.0,0.0
2020-04-24,336.69103863595546,336.69103863595546,327.07129467492814,334.76708984375,4000,0.0,0.0
2020-04-27,317.4515380859375,336.691025242661,311.6796919389204,317.4515380859375,126900,0.0,0.0
2020-04-28,317.4515380859375,317.4515380859375,296.28810221354166,317.4515380859375,86200,0.0,0.0
2020-04-29,298.21203454748377,311.67967481737014,296.2880859375,296.2880859375,329300,0.0,0.0
2020-04-30,307.831787109375,307.831787109375,288.59230041503906,307.831787109375,7800,0.0,0.0
2020-05-04,307.8317582977484,309.7557067871094,286.6683249147782,309.7557067871094,62500,0.0,0.0
2020-05-05,307.83175486438677,307.83175486438677,300.13596099277714,305.9078063964844,43900,0.0,0.0
2020-05-06,307.83175486438677,307.83175486438677,294.36411558906985,305.9078063964844,813800,0.0,0.0
2020-05-08,313.60360026809406,313.60360026809406,290.516218653265,305.9078063964844,1693000,0.0,0.0
2020-05-11,288.5922546386719,305.9077899169922,284.7443579101563,288.5922546386719,2135800,0.0,0.0
2020-05-12,286.6683062744141,288.5922546386719,269.35277099609374,288.5922546386719,2009200,0.0,0.0
2020-05-13,275.1246303260749,278.9725272537123,269.3527849346188,271.2767333984375,2240100,0.0,0.0
2020-05-14,269.35281218384665,269.35281218384665,253.9612229161983,267.4288635253906,1536100,0.0,0.0
2020-05-15,265.5049008363045,286.6683349609375,250.113312382026,286.6683349609375,3117900,0.0,0.0
2020-05-18,271.2767333984375,271.2767333984375,267.4288364708001,271.2767333984375,252500,0.0,0.0
2020-05-19,271.27678629557295,271.27678629557295,253.96124674479168,259.73309326171875,2208300,0.0,0.0
2020-05-20,257.80913010688676,284.74441235686004,242.4175402497592,280.8965148925781,3452900,0.0,0.0
2020-05-26,280.89651341931574,280.89651341931574,261.65702619881466,278.9725646972656,2241800,0.0,0.0
2020-05-27,278.9725816514757,278.9725816514757,259.73309326171875,259.73309326171875,2184000,0.0,0.0
2020-05-28,253.9612088716947,253.9612088716947,242.41751755934496,250.11331176757812,2493800,0.0,0.0
2020-05-29,242.4175323486328,269.3528137207031,240.49358367919922,269.3528137207031,2413000,0.0,0.0
2020-06-02,257.80911722670504,269.35280904282615,252.03727131864449,263.5809631347656,2706600,0.0,0.0
2020-06-03,267.4288650512695,277.04860839843747,259.73307037353516,269.3528137207031,2581800,0.0,0.0
2020-06-04,269.35282108701506,278.9725646972656,255.88518003266432,278.9725646972656,2177800,0.0,0.0
2020-06-05,267.42885124612843,336.69099977030555,265.50490267601236,325.1473083496094,2232200,0.0,0.0
2020-06-08,319.3754594083318,330.91915071224736,305.90781955376355,321.2994079589844,3246200,0.0,0.0
2020-06-09,327.0712663922991,336.6910095214844,313.6036260114397,336.6910095214844,1961600,0.0,0.0
2020-06-10,334.7670749571265,338.6149723704268,313.60363918397485,315.527587890625,1908900,0.0,0.0
2020-06-11,315.5275567626953,388.63760040283205,315.5275567626953,384.7897033691406,2562900,0.0,0.0
2020-06-12,384.7897144074136,384.7897144074136,359.7783829709317,361.70233154296875,1772600,0.0,0.0
2020-06-15,348.23468017578125,348.23468017578125,336.6909891202305,348.23468017578125,1931900,0.0,0.0
2020-06-16,328.9952054898414,328.9952054898414,325.1473083496094,325.1473083496094,2091200,0.0,0.0
2020-06-17,325.14731776646204,338.61495814732143,313.6036260114397,336.6910095214844,1838600,0.0,0.0
2020-06-18,313.6036421074925,319.37548828125,313.6036421074925,319.37548828125,2091500,0.0,0.0
2020-06-19,311.67964457850303,315.5275414251512,298.2120056152344,298.2120056152344,2605300,0.0,0.0
2020-06-22,298.21206153472724,334.7670884325325,288.5923176142522,332.8431396484375,2210900,0.0,0.0
2020-06-23,332.8431042839499,336.6910014433019,309.75572132783776,327.0712585449219,2075200,0.0,0.0
2020-06-24,323.2233629728618,332.8431059184827,309.7557228489926,328.9952087402344,2104900,0.0,0.0
2020-06-25,325.1473458827227,336.69103863595546,309.755755545079,334.76708984375,2069000,0.0,0.0
2020-06-26,334.7670884325325,336.69103721662754,315.52760059158237,332.8431396484375,1972500,0.0,0.0
2020-06-29,332.84314105154454,334.76708984375,325.1473458827227,334.76708984375,1942200,0.0,0.0
2020-06-30,334.76708984375,336.69103863595546,325.1473458827227,334.76708984375,1945500,0.0,0.0
2020-07-01,334.7670624472878,342.4628569863059,327.0712679082697,338.6149597167969,2174700,0.0,0.0
2020-07-02,325.1473458827227,336.69103863595546,325.1473458827227,334.76708984375,1870100,0.0,0.0
2020-07-03,332.84307683900346,336.6909736810728,313.60359262865643,330.91912841796875,2067600,0.0,0.0
2020-07-06,328.9952303799716,330.9191790956439,307.83179450757575,317.4515380859375,2072200,0.0,0.0
2020-07-07,317.4515380859375,317.4515380859375,309.7557432232481,317.4515380859375,1950300,0.0,0.0
2020-07-08,315.52758937026516,317.4515380859375,313.6036406545928,317.4515380859375,1995200,0.0,0.0
2020-07-09,317.4515380859375,317.4515380859375,311.6796919389204,317.4515380859375,1970700,0.0,0.0
2020-07-10,315.5275720373377,317.4515206473214,296.2880859375,296.2880859375,2389100,0.0,0.0
2020-07-13,296.28810221354166,317.4515380859375,288.59230735085225,317.4515380859375,2296100,0.0,0.0
2020-07-14,317.4515156465418,327.0712585449219,307.83177274816177,327.0712585449219,2831400,0.0,0.0
2020-07-15,327.0712663922991,336.6910095214844,309.7557287597656,336.6910095214844,2100600,0.0,0.0
2020-07-16,334.7670528636259,334.7670528636259,327.0712585449219,327.0712585449219,1930600,0.0,0.0
2020-07-17,327.0712601511102,336.6910030967311,315.52756861636516,328.9952087402344,2393700,0.0,0.0
2020-07-20,328.9952054898414,328.9952054898414,325.1473083496094,325.1473083496094,1986800,0.0,0.0
2020-07-21,325.1473344550075,327.07128317959337,319.37548828125,319.37548828125,1934300,0.0,0.0
2020-07-22,317.4515140691452,336.69099977030555,315.5275654990292,325.1473083496094,2037500,0.0,0.0
2020-07-23,325.1472831548646,336.6909736810728,315.52754104969114,330.91912841796875,2050000,0.0,0.0
2020-07-24,330.91919225933907,334.76708984375,319.3754995061063,334.76708984375,2039100,0.0,0.0
2020-07-27,334.76708984375,334.76708984375,330.91919225933907,334.76708984375,1994900,0.0,0.0
2020-07-28,334.76708984375,334.76708984375,315.5276019216954,334.76708984375,2016700,0.0,0.0
2020-07-29,332.84314105154454,334.76708984375,327.07129467492814,334.76708984375,2023000,0.0,0.0
2020-07-30,334.76705885180536,382.8657742040763,334.76705885180536,371.32208251953125,4038000,0.0,0.0
2020-08-03,371.32204489733175,371.32204489733175,355.9304575440745,363.6262512207031,2332800,0.0,0.0
2020-08-04,363.626275139886,454.05185678842906,340.53889259132177,355.93048095703125,30505800,0.0,0.0
2020-08-05,355.93052505757765,355.93052505757765,332.8431396484375,332.8431396484375,4388600,0.0,0.0
2020-08-06,332.8431293533509,332.8431293533509,309.7557446583208,319.37548828125,4553300,0.0,0.0
2020-08-07,319.3754626392613,325.1473083496094,319.3754626392613,325.1473083496094,3017700,0.0,0.0
2020-08-10,327.990575836926,329.9313484750143,310.5236220941311,318.2867126464844,2695900,2.93,0.0
2020-08-11,318.28667984008786,318.28667984008786,308.5828176498413,310.5235900878906,2851800,0.0,0.0
2020-08-12,310.5236116640127,310.5236116640127,289.17511336211186,304.7012939453125,3421300,0.0,0.0
2020-08-13,304.7012797421629,341.57595690841197,304.7012797421629,308.58282470703125,7692400,0.0,0.0
2020-08-14,308.5828565351802,322.1682653134586,298.87899312212426,316.345947265625,2845700,0.0,0.0
2020-08-18,316.3458932005329,316.3458932005329,304.70125909499177,314.4051208496094,2254900,0.0,0.0
2020-08-19,314.4051208496094,316.3458932005329,308.58280379683885,314.4051208496094,2248900,0.0,0.0
2020-08-24,314.4051421543337,314.4051421543337,308.58282470703125,308.58282470703125,2435600,0.0,0.0
2020-08-25,308.5828153170072,308.5828153170072,298.8789532001202,302.760498046875,4201700,0.0,0.0
2020-08-26,302.7605072597288,310.5235971894654,302.7605072597288,308.58282470703125,2522600,0.0,0.0
2020-08-27,308.58283909111265,308.58283909111265,300.81974879951235,304.7012939453125,2511500,0.0,0.0
2020-08-28,304.70128679879105,308.5828318535527,300.8197417440294,306.6420593261719,2443900,0.0,0.0
2020-08-31,304.70128679879105,308.5828318535527,304.70128679879105,306.6420593261719,3142900,0.0,0.0
2020-09-01,304.7012939453125,304.7012939453125,296.93820365371215,304.7012939453125,3055900,0.0,0.0
2020-09-02,304.7012704702524,306.64204289362976,298.8789532001202,302.760498046875,2722700,0.0,0.0
2020-09-03,302.760498046875,304.7012704702524,298.8789532001202,302.760498046875,2120500,0.0,0.0
2020-09-04,300.81972789764404,310.5235900878906,296.9381830215454,310.5235900878906,2284700,0.0,0.0
2020-09-07,300.81972789764404,310.5235900878906,300.81972789764404,310.5235900878906,2394000,0.0,0.0
2020-09-08,310.5235900878906,312.4643625259399,306.642045211792,310.5235900878906,1977800,0.0,0.0
2020-09-09,308.58282470703125,308.58282470703125,302.7605072597288,308.58282470703125,2159900,0.0,0.0
2020-09-10,300.8197526674013,300.8197526674013,287.2343444824219,287.2343444824219,2729400,0.0,0.0
2020-09-11,267.82660877855517,320.22746701783774,267.82660877855517,306.6420593261719,2868100,0.0,0.0
2020-09-14,306.6420522245971,316.3459146367679,300.8197347772946,308.58282470703125,2210700,0.0,0.0
2020-09-15,308.58282470703125,310.5235971894654,304.7012797421629,308.58282470703125,2307800,0.0,0.0
2020-09-16,308.58283909111265,308.58283909111265,304.7012939453125,304.7012939453125,2002000,0.0,0.0
2020-09-17,304.70128679879105,308.5828318535527,302.7605142714102,306.6420593261719,1982000,0.0,0.0
2020-09-18,304.70128679879105,306.6420593261719,293.05665163450607,306.6420593261719,1997300,0.0,0.0
2020-09-21,304.7013159417487,306.6420886547535,298.8789978027344,298.8789978027344,2010800,0.0,0.0
2020-09-22,298.87895082172594,298.87895082172594,291.1158611899928,294.9974060058594,2284300,0.0,0.0
2020-09-23,294.9974060058594,296.9381784137926,289.1750887820595,294.9974060058594,2306900,0.0,0.0
2020-09-24,291.115880505792,291.115880505792,277.53047274885506,281.4120178222656,2305200,0.0,0.0
2020-09-25,281.4120196656093,298.87897261037125,281.4120196656093,289.17510986328125,2323900,0.0,0.0
2020-09-28,289.1750724283854,294.99738932291666,285.29352783203126,291.1158447265625,2264300,0.0,0.0
2020-09-29,291.1158611899928,294.9974060058594,287.23431637412625,294.9974060058594,2128500,0.0,0.0
2020-09-30,294.9974348738387,296.93820747169286,281.41202668885927,287.2343444824219,2197800,0.0,0.0
2020-10-01,287.2343444824219,291.11588967813026,283.3527992867135,287.2343444824219,2168200,0.0,0.0
2020-10-02,287.23430013020834,294.99738932291666,281.4119832356771,291.1158447265625,2362200,0.0,0.0
2020-10-05,291.1158447265625,293.0566170247396,285.29352783203126,291.1158447265625,2164100,0.0,0.0
2020-10-06,289.1750957160596,294.9974130794702,287.2343232615894,293.056640625,2088700,0.0,0.0
2020-10-07,293.056640625,293.056640625,285.29355080711923,293.056640625,2143600,0.0,0.0
2020-10-08,291.1158611899928,294.9974060058594,287.23431637412625,294.9974060058594,2088100,0.0,0.0
2020-10-09,294.9974060058594,296.9381784137926,289.1750887820595,294.9974060058594,1990300,0.0,0.0
2020-10-12,294.9974293428309,298.8789744657629,293.0566567813649,296.9382019042969,2074200,0.0,0.0
2020-10-13,296.9382019042969,300.81974702722886,293.0566567813649,296.9382019042969,2077500,0.0,0.0
2020-10-14,296.9382019042969,298.8789744657629,293.0566567813649,296.9382019042969,2071100,0.0,0.0
2020-10-15,296.9381784137926,296.9381784137926,291.1158611899928,294.9974060058594,2053400,0.0,0.0
2020-10-16,294.9974293428309,296.9382019042969,293.0566567813649,296.9382019042969,2086400,0.0,0.0
2020-10-19,296.9381855339404,296.9381855339404,287.2343232615894,293.056640625,2497800,0.0,0.0
2020-10-20,293.056640625,294.9974130794702,289.1750957160596,293.056640625,1976500,0.0,0.0
2020-10-21,293.05665496211725,293.05665496211725,289.17510986328125,289.17510986328125,1989500,0.0,0.0
2020-10-22,289.1751116584329,296.9382019042969,287.23433909696695,296.9382019042969,1967900,0.0,0.0
2020-10-23,296.9381855339404,296.9381855339404,289.1750957160596,293.056640625,1936300,0.0,0.0
2020-10-26,293.05663359792607,294.9974060058594,289.1750887820595,294.9974060058594,1922400,0.0,0.0
2020-10-27,293.0566170247396,294.99738932291666,289.1750724283854,291.1158447265625,2062900,0.0,0.0
2020-11-02,298.8789800695471,298.8789800695471,285.29357188456765,287.2343444824219,2119600,0.0,0.0
2020-11-03,287.23433731386325,291.11588241269925,283.35279221502725,289.17510986328125,2164800,0.0,0.0
2020-11-04,289.1750724283854,291.1158447265625,287.23430013020834,291.1158447265625,2167900,0.0,0.0
2020-11-05,291.11588967813026,291.11588967813026,285.29357188456765,287.2343444824219,2645000,0.0,0.0
2020-11-06,287.2343210233312,289.17509346267803,285.2935485839844,285.2935485839844,2526800,0.0,0.0
2020-11-09,285.2935485839844,289.17509346267803,285.2935485839844,285.2935485839844,2351000,0.0,0.0
2020-11-10,285.29355569081764,289.1751006662029,283.352783203125,283.352783203125,2645700,0.0,0.0
2020-11-11,283.3527992867135,287.2343444824219,281.41202668885927,287.2343444824219,2269000,0.0,0.0
2020-11-12,287.2343444824219,289.1751170802761,285.29357188456765,287.2343444824219,2263100,0.0,0.0
2020-11-13,285.29357188456765,287.2343444824219,283.3527992867135,287.2343444824219,2132400,0.0,0.0
2020-11-16,285.2935485839844,287.2343210233312,285.2935485839844,285.2935485839844,2212500,0.0,0.0
2020-11-17,285.2935485839844,287.2343210233312,283.3527761446375,285.2935485839844,2153000,0.0,0.0
2020-11-18,285.29357188456765,287.2343444824219,283.3527992867135,287.2343444824219,2314400,0.0,0.0
2020-11-19,285.29356476444525,289.17510986328125,285.29356476444525,289.17510986328125,2438700,0.0,0.0
2020-11-20,287.23431637412625,302.7604956375925,285.29354396619294,294.9974060058594,2906700,0.0,0.0
2020-11-23,294.9974130794702,294.9974130794702,289.1750957160596,293.056640625,2332400,0.0,0.0
2020-11-24,293.05664279076365,300.8197326660156,293.05664279076365,300.8197326660156,2598900,0.0,0.0
2020-11-25,300.81972322965925,302.7604956375925,294.9974060058594,294.9974060058594,2429500,0.0,0.0
2020-11-26,294.9974310808121,304.7012939453125,291.11588593501193,304.7012939453125,2485000,0.0,0.0
2020-11-27,304.7012727737427,312.4643625259399,304.7012727737427,310.5235900878906,2323300,0.0,0.0
2020-11-30,310.52359501008067,312.4643674788937,300.8197326660156,300.8197326660156,2369600,0.0,0.0
2020-12-01,300.8197326660156,306.64205007245465,298.8789601972026,300.8197326660156,2144500,0.0,0.0
2020-12-02,300.81974879951235,304.7012939453125,298.8789762266122,304.7012939453125,1991300,0.0,0.0
2020-12-03,304.7012680455258,306.64204045345906,289.1750887820595,294.9974060058594,3345900,0.0,0.0
2020-12-04,294.99738932291666,296.93816162109374,287.23430013020834,291.1158447265625,2312600,0.0,0.0
2020-12-07,291.1158447265625,293.0566170247396,289.1750724283854,291.1158447265625,2339100,0.0,0.0
2020-12-08,291.11588241269925,291.11588241269925,287.23433731386325,289.17510986328125,2470400,0.0,0.0
2020-12-10,289.1750957160596,294.9974130794702,287.2343232615894,293.056640625,2849800,0.0,0.0
2020-12-11,293.0566170247396,293.0566170247396,289.1750724283854,291.1158447265625,2126100,0.0,0.0
2020-12-14,291.11586817052984,293.056640625,287.2343232615894,293.056640625,2427700,0.0,0.0
2020-12-15,291.11586817052984,294.9974130794702,287.2343232615894,293.056640625,2937900,0.0,0.0
2020-12-16,291.11588421989893,296.9382019042969,289.1751116584329,296.9382019042969,2613900,0.0,0.0
2020-12-17,296.9382019042969,298.8789744657629,289.1751116584329,296.9382019042969,2651000,0.0,0.0
2020-12-18,296.9382084050828,329.93134267231414,291.1158905932184,327.9905700683594,8082800,0.0,0.0
2020-12-21,329.93133544921875,331.87210801068477,320.2274726418888,329.93133544921875,7676900,0.0,0.0
2020-12-22,329.93131648349225,349.3390409825212,308.5828195345604,343.5167236328125,12225600,0.0,0.0
2020-12-23,343.51669598152625,355.1613297436119,329.9312899257597,351.27978515625,3887600,0.0,0.0
2020-12-28,351.27982671210106,364.865234375,341.5759640957447,364.865234375,3076500,0.0,0.0
2020-12-29,370.6875328650841,448.31842980018024,366.8059880183293,403.6806640625,10433900,0.0,0.0
2020-12-30,407.5622360229492,407.5622360229492,376.50987518310546,388.1545104980469,6191500,0.0,0.0
2021-01-04,388.1545013582646,392.03604637184725,372.62832130393406,382.3321838378906,2985300,0.0,0.0
2021-01-05,382.33217674794827,384.27294921875,368.74676945233585,384.27294921875,2730700,0.0,0.0
2021-01-06,384.27296717026655,426.9699635225184,384.27296717026655,395.9176025390625,5321500,0.0,0.0
2021-01-07,395.9176113847373,409.50301961852733,393.97683877991017,401.73992919921875,2856800,0.0,0.0
2021-01-08,401.73989408100067,403.6806665161746,386.2137145996094,386.2137145996094,2887400,0.0,0.0
2021-01-11,386.21375078024323,386.21375078024323,374.5691150783264,376.5098876953125,2790400,0.0,0.0
2021-01-12,376.5098919842694,376.5098919842694,355.1613929542335,359.0429382324219,3156900,0.0,0.0
2021-01-13,359.04290323203566,360.98367568193856,343.5167236328125,343.5167236328125,3583000,0.0,0.0
2021-01-14,343.5167452055833,343.5167452055833,327.9905646313196,337.6944274902344,3227000,0.0,0.0
2021-01-15,337.6944152832031,360.98368530273433,333.8128702799479,349.33905029296875,2582100,0.0,0.0
2021-01-18,349.33905029296875,355.16136779785154,341.5759602864583,349.33905029296875,2541600,0.0,0.0
2021-01-19,349.3390629209321,351.2798354927151,331.87210977488553,337.6944274902344,2104900,0.0,0.0
2021-01-20,337.69443308813334,347.3982961079073,327.9905700683594,327.9905700683594,3208100,0.0,0.0
2021-01-21,327.9905646313196,349.3390629209321,327.9905646313196,337.6944274902344,3073400,0.0,0.0
2021-01-22,339.63520006201736,357.10215320806395,318.28670177240485,337.6944274902344,3326800,0.0,0.0
2021-01-25,337.6944089617048,337.6944089617048,314.405139378139,326.0497741699219,2490900,0.0,0.0
2021-01-26,326.0497958096591,327.9905684037642,318.28670543323864,320.22747802734375,2128800,0.0,0.0
2021-01-27,320.22749764578685,320.22749764578685,298.8789978027344,298.8789978027344,4771000,0.0,0.0
2021-01-28,289.17510986328125,298.87897261037125,283.35279221502725,289.17510986328125,3519800,0.0,0.0
2021-01-29,289.1750724283854,296.93816162109374,269.7673494466146,291.1158447265625,3365600,0.0,0.0
2021-02-01,287.2343340523635,314.40514943569525,281.41201647022103,306.6420593261719,3462800,0.0,0.0
2021-02-02,306.6420382861025,316.3459002571817,304.70126589188664,312.46435546875,2208400,0.0,0.0
2021-02-03,312.46439473221943,318.2867126464844,308.58284945604277,318.2867126464844,2171500,0.0,0.0
2021-02-04,318.28668711920204,318.28668711920204,308.58282470703125,308.58282470703125,1984600,0.0,0.0
2021-02-05,308.5828565351802,316.345947265625,308.5828565351802,316.345947265625,2146900,0.0,0.0
2021-02-08,316.3459400083961,320.2274852845727,316.3459400083961,318.2867126464844,2004200,0.0,0.0
2021-02-09,318.2866655514564,322.1682102533034,310.52357614776236,314.4051208496094,2077100,0.0,0.0
2021-02-10,314.4051208496094,316.3458932005329,310.52357614776236,314.4051208496094,2671500,0.0,0.0
2021-02-11,314.40512786296586,314.40512786296586,308.58281068031835,312.46435546875,1905400,0.0,0.0
2021-02-15,312.46435546875,318.2866726513975,306.6420382861025,312.46435546875,2036600,0.0,0.0
2021-02-16,312.4644019004026,316.345947265625,310.52362921779144,316.345947265625,2105500,0.0,0.0
2021-02-17,316.3459146367679,316.3459146367679,308.58282470703125,308.58282470703125,2051300,0.0,0.0
2021-02-18,308.58280379683885,314.4051208496094,304.70125909499177,314.4051208496094,2161900,0.0,0.0
2021-02-19,314.40517458301383,329.9313560439034,293.05667507429064,316.345947265625,3429100,0.0,0.0
2021-02-22,316.345947265625,318.2867199482362,312.4644019004026,316.345947265625,2172700,0.0,0.0
2021-02-23,316.3459400083961,320.2274852845727,310.5236220941311,318.2867126464844,1985100,0.0,0.0
2021-02-24,318.2866655514564,318.2866655514564,308.58280379683885,314.4051208496094,1966800,0.0,0.0
2021-02-25,314.40517458301383,316.345947265625,310.52362921779144,316.345947265625,1937400,0.0,0.0
2021-02-26,314.40513496398927,314.40513496398927,302.76050033569334,310.5235900878906,2288300,0.0,0.0
2021-03-01,310.5235900878906,310.5235900878906,306.642045211792,310.5235900878906,1980900,0.0,0.0
2021-03-02,310.5235900878906,310.5235900878906,308.5828176498413,310.5235900878906,2087000,0.0,0.0
2021-03-03,310.5235971894654,312.4643696718996,300.8197347772946,308.58282470703125,2352900,0.0,0.0
2021-03-04,308.58283909111265,308.58283909111265,298.8789762266122,304.7012939453125,2374300,0.0,0.0
2021-03-05,304.70129215016084,306.64206471162686,296.9382019042969,296.9382019042969,2380000,0.0,0.0
2021-03-08,296.9381877283896,300.8197326660156,293.05664279076365,300.8197326660156,2356600,0.0,0.0
2021-03-09,300.8197326660156,300.8197326660156,293.05664279076365,300.8197326660156,2014400,0.0,0.0
2021-03-10,300.819721103455,314.40512786296586,298.8789487092391,312.46435546875,2262200,0.0,0.0
2021-03-12,312.46435546875,314.40512786296586,308.58281068031835,312.46435546875,2001600,0.0,0.0
2021-03-15,312.4643625259399,312.4643625259399,306.642045211792,310.5235900878906,1922600,0.0,0.0
2021-03-16,310.52358307453414,312.46435546875,306.6420382861025,312.46435546875,1959900,0.0,0.0
2021-03-17,312.46434849868587,322.1682102533034,308.58280379683885,314.4051208496094,2231400,0.0,0.0
2021-03-18,312.4643696718996,314.4051421543337,306.6420522245971,308.58282470703125,2016600,0.0,0.0
2021-03-19,306.6420522245971,310.5235971894654,302.7605072597288,308.58282470703125,1981100,0.0,0.0
2021-03-22,306.6420382861025,312.46435546875,304.70126589188664,312.46435546875,2366500,0.0,0.0
2021-03-23,312.4643644343662,357.1021307821328,310.5235919844633,343.5167236328125,9802900,0.0,0.0
2021-03-24,343.51673386625185,347.39827888168975,320.2274637736246,324.1090087890625,4832700,0.0,0.0
2021-03-25,322.16823954521857,324.1090120725994,306.6420593261719,306.6420593261719,3824200,0.0,0.0
2021-03-26,306.64206986860796,326.0497958096591,306.64206986860796,320.22747802734375,2857800,0.0,0.0
2021-03-29,320.22746701783774,320.22746701783774,304.70128679879105,306.6420593261719,2760900,0.0,0.0
2021-03-30,306.6420522245971,310.5235971894654,304.7012797421629,308.58282470703125,2236200,0.0,0.0
2021-03-31,308.58283909111265,310.5236116640127,302.7605213724124,304.7012939453125,2018900,0.0,0.0
2021-04-01,304.7012680455258,304.7012680455258,294.9974060058594,294.9974060058594,2616400,0.0,0.0
2021-04-05,294.99738932291666,298.8789339192708,289.1750724283854,291.1158447265625,2676800,0.0,0.0
2021-04-06,291.1158447265625,293.0566170247396,287.23430013020834,291.1158447265625,2615200,0.0,0.0
2021-04-07,291.11587032195064,300.8197326660156,291.11587032195064,300.8197326660156,2093300,0.0,0.0
2021-04-08,300.8197347772946,310.5235971894654,296.9381898124263,308.58282470703125,2535400,0.0,0.0
2021-04-09,308.5828318535527,308.5828318535527,300.8197417440294,306.6420593261719,1866100,0.0,0.0
2021-04-12,306.6420665182126,306.6420665182126,296.93820365371215,304.7012939453125,2558100,0.0,0.0
2021-04-13,304.7012939453125,306.6420665182126,296.93820365371215,304.7012939453125,2687100,0.0,0.0
2021-04-14,302.7605072597288,308.58282470703125,302.7605072597288,308.58282470703125,1967800,0.0,0.0
2021-04-15,308.58279469526934,368.7467357993785,308.58279469526934,351.27978515625,9380300,0.0,0.0
2021-04-16,351.2798336253447,353.2206061868107,329.93133544921875,329.93133544921875,4014800,0.0,0.0
2021-04-19,329.9313233115456,362.9244556427002,329.9313233115456,341.5759582519531,3631700,0.0,0.0
2021-04-20,341.57597994942194,341.57597994942194,333.812889496026,335.753662109375,1875400,0.0,0.0
2021-04-21,335.75363868890804,335.75363868890804,316.3459139092024,333.8128662109375,2120900,0.0,0.0
2021-04-22,333.81284265350877,335.75361499451753,322.1682086074561,331.8720703125,2193900,0.0,0.0
2021-04-23,331.8720937329669,333.8128662109375,318.28668638717295,333.8128662109375,3059900,0.0,0.0
2021-04-26,333.8128640311105,335.75363649640764,326.0497741699219,326.0497741699219,2190400,0.0,0.0
2021-04-27,326.0497974644046,327.9905700683594,320.22747965254024,327.9905700683594,2294900,0.0,0.0
2021-04-28,327.9905610601586,333.81287871211407,322.1682434082031,322.1682434082031,2548200,0.0,0.0
2021-04-29,318.2866912659057,324.1090087890625,318.2866912659057,324.1090087890625,1977800,0.0,0.0
2021-04-30,324.1090248604498,329.93134267231414,322.168252256495,327.9905700683594,2889500,0.0,0.0
2021-05-03,327.9905646313196,359.0429257798469,327.9905646313196,337.6944274902344,4708900,0.0,0.0
2021-05-04,337.69440628310383,347.3982685326183,337.69440628310383,343.5167236328125,1313100,0.0,0.0
2021-05-05,341.5759582519531,343.516730742021,331.87209580161357,341.5759582519531,1173200,0.0,0.0
2021-05-06,341.5759776125672,360.98370361328125,337.69443241242436,360.98370361328125,3452400,0.0,0.0
2021-05-07,368.74676548155014,368.74676548155014,343.5167236328125,343.5167236328125,1798900,0.0,0.0
2021-05-10,341.5759236878453,353.22055744993094,339.6351513941644,351.27978515625,744800,0.0,0.0
2021-05-11,351.27984767604516,359.0429382324219,341.57598448057433,359.0429382324219,529900,0.0,0.0
2021-05-17,359.0428983248197,360.9836707481971,347.3982637845553,353.2205810546875,979000,0.0,0.0
2021-05-18,353.2205764852106,366.80598327310327,351.2798040869402,362.9244384765625,2248800,0.0,0.0
2021-05-19,368.74677819399096,392.0360483957167,368.74677819399096,390.09527587890625,8063700,0.0,0.0
2021-05-20,388.1545013582646,395.9175913854299,368.74677629035136,382.3321838378906,2632600,0.0,0.0
2021-05-21,382.33219100017936,390.0952811727718,378.45064591388314,380.39141845703125,1907000,0.0,0.0
2021-05-24,380.3913972940876,395.91757677547895,380.3913972940876,386.2137145996094,1217300,0.0,0.0
2021-05-25,388.1544962967976,395.9175862227336,384.27295133382967,392.0360412597656,2563300,0.0,0.0
2021-05-27,393.9768371582031,403.6807001423953,390.09529196452627,393.9768371582031,1443500,0.0,0.0
2021-05-28,403.6806640625,417.2660710261418,395.91757436899036,403.6806640625,2919600,0.0,0.0
2021-05-31,411.44378793086105,463.8446477145084,405.62147017712243,452.20001220703125,6093200,0.0,0.0
2021-06-02,456.0815573761903,479.3708283911447,452.20001220703125,452.20001220703125,3679100,0.0,0.0
2021-06-03,454.1407591167249,463.8446214910139,438.61457931786254,442.4961242675781,1616500,0.0,0.0
2021-06-04,440.5553953153593,440.5553953153593,417.26612331630946,430.8515319824219,1210200,0.0,0.0
2021-06-07,430.8514943486372,436.67381183983497,425.0291768574394,432.7922668457031,630200,0.0,0.0
2021-06-08,432.79227589294976,463.84463649513447,432.79227589294976,438.6145935058594,1819800,0.0,0.0
2021-06-09,438.61457931786254,452.1999866418671,438.61457931786254,442.4961242675781,435900,0.0,0.0
2021-06-10,446.3776699332304,450.2592148891715,417.2660827636719,417.2660827636719,2080600,0.0,0.0
2021-06-11,415.3253245465632,415.3253245465632,401.7399167342925,413.3845520019531,1235800,0.0,0.0
2021-06-14,413.38453780773074,426.9699451535247,413.38453780773074,417.2660827636719,778100,0.0,0.0
2021-06-15,419.2068552416424,426.9699451535247,413.38453780773074,417.2660827636719,806700,0.0,0.0
2021-06-16,417.26608989394714,417.26608989394714,407.56222733827394,415.3253173828125,192700,0.0,0.0
2021-06-17,415.32531534830724,415.32531534830724,401.739907836914,407.5622253417969,1216200,0.0,0.0
2021-06-18,407.56222853020057,409.503001047011,388.15450336209574,390.09527587890625,566300,0.0,0.0
2021-06-21,388.1545013582646,392.03604637184725,376.5098663175167,382.3321838378906,677000,0.0,0.0
2021-06-22,380.39140637086166,399.7991311857016,380.39140637086166,392.0360412597656,463500,0.0,0.0
2021-06-23,395.91760975504155,397.85838235188,384.2729741740109,393.9768371582031,807100,0.0,0.0
2021-06-24,393.9768188786386,393.9768188786386,378.450638824308,382.3321838378906,514300,0.0,0.0
2021-06-25,382.3321838378906,386.21372885147326,380.39141133109933,382.3321838378906,506700,0.0,0.0
2021-06-28,382.33217674794827,384.27294921875,378.4506318063447,384.27294921875,1365500,0.0,0.0
2021-06-29,382.33217674794827,388.1544941603535,378.4506318063447,384.27294921875,834900,0.0,0.0
2021-06-30,384.2729653930664,388.1545104980469,376.50987518310546,388.1545104980469,920500,0.0,0.0
2021-07-01,388.1544941603535,388.1544941603535,382.33217674794827,384.27294921875,282700,0.0,0.0
2021-07-02,382.33217674794827,386.2137216895518,378.4506318063447,384.27294921875,509000,0.0,0.0
2021-07-05,384.27294921875,386.2137216895518,380.3914042771465,384.27294921875,339600,0.0,0.0
2021-07-06,382.3321697292615,386.2137145996094,378.45062485891367,386.2137145996094,368800,0.0,0.0
2021-07-07,386.2137145996094,393.976804340305,382.3321697292615,386.2137145996094,858300,0.0,0.0
2021-07-08,388.1545104980469,393.9768281555176,386.21373794555666,388.1545104980469,372200,0.0,0.0
2021-07-09,392.0360391019571,392.0360391019571,384.27294921875,384.27294921875,235200,0.0,0.0
2021-07-12,378.4506477355957,392.03605560302736,378.4506477355957,388.1545104980469,1536200,0.0,0.0
2021-07-13,393.9768281555176,393.9768281555176,384.2729653930664,388.1545104980469,188400,0.0,0.0
2021-07-14,388.1544941603535,388.1544941603535,384.27294921875,384.27294921875,169600,0.0,0.0
2021-07-15,384.2729653930664,388.1545104980469,382.33219284057617,388.1545104980469,880400,0.0,0.0
2021-07-16,388.1545104980469,388.1545104980469,380.39142028808595,388.1545104980469,753500,0.0,0.0
2021-07-19,388.1545104980469,392.03605560302736,386.21373794555666,388.1545104980469,365100,0.0,0.0
2021-07-21,386.21372885147326,386.21372885147326,378.450638824308,382.3321838378906,385800,0.0,0.0
2021-07-22,378.4506530761719,388.15451597556086,374.56910791641627,378.4506530761719,623900,0.0,0.0
2021-07-23,384.27297081580525,384.27297081580525,376.50988049629404,378.4506530761719,268500,0.0,0.0
2021-07-26,378.4506530761719,384.27297081580525,374.56910791641627,378.4506530761719,868800,0.0,0.0
2021-07-27,378.4506367895887,382.3321817823025,370.6875468041613,374.569091796875,663600,0.0,0.0
2021-07-28,374.5690989494324,378.45064401626587,368.74678134918213,372.6283264160156,1163600,0.0,0.0
2021-07-29,372.6283100328947,376.5098549290707,368.74676513671875,368.74676513671875,417100,0.0,0.0
2021-07-30,370.68754192313764,384.27294921875,368.74676945233585,384.27294921875,551500,0.0,0.0
2021-08-02,384.27294216443545,390.09525946995717,384.27294216443545,386.2137145996094,416800,0.0,0.0
2021-08-03,388.1545104980469,388.1545104980469,380.39142028808595,388.1545104980469,224300,0.0,0.0
2021-08-04,390.0952811727718,390.0952811727718,380.39141845703125,380.39141845703125,274400,0.0,0.0
2021-08-05,386.21373276129003,397.8583679199219,382.33218770841273,397.8583679199219,2753700,0.0,0.0
2021-08-06,407.5622343681228,419.20686963578345,403.68068927890255,413.3845520019531,2322600,0.0,0.0
2021-08-09,413.38451700473047,423.08837890625,409.5029722441227,423.08837890625,1637600,0.0,0.0
2021-08-10,426.969969007704,426.969969007704,411.44378831651477,419.2068786621094,1511700,0.0,0.0
2021-08-12,419.2068552416424,423.08840019758355,415.3253102857013,417.2660827636719,1076300,0.0,0.0
2021-08-13,417.2660617653383,423.08837890625,409.5029722441227,423.08837890625,1282800,0.0,0.0
2021-08-16,425.0291799384857,425.0291799384857,411.4437723605432,415.3253173828125,786000,0.0,0.0
2021-08-18,413.38454487167786,417.26608989394714,413.38454487167786,415.3253173828125,815800,0.0,0.0
2021-08-19,415.3253245465632,417.2660970911733,401.7399167342925,413.3845520019531,1496200,0.0,0.0
2021-08-20,413.3845609029134,421.147651248508,413.3845609029134,419.2068786621094,913900,0.0,0.0
2021-08-23,421.147627719613,421.147627719613,415.3253102857013,417.2660827636719,805400,0.0,0.0
2021-08-24,413.3845520019531,421.1476421803935,405.6214618235127,413.3845520019531,795800,0.0,0.0
2021-08-25,411.443779457343,417.2660970911733,405.6214618235127,413.3845520019531,1351500,0.0,0.0
2021-08-26,417.2661043562979,417.2661043562979,407.562241464291,411.44378662109375,778300,0.0,0.0
2021-08-27,407.5622343681228,419.20686963578345,405.6214618235127,413.3845520019531,842500,0.0,0.0
2021-08-30,413.38453780773074,426.9699451535247,411.4437653297602,417.2660827636719,1231700,0.0,0.0
2021-08-31,417.2660827636719,417.2660827636719,411.4437653297602,417.2660827636719,749600,0.0,0.0
2021-09-01,417.2660827636719,423.08840019758355,417.2660827636719,417.2660827636719,729600,0.0,0.0
2021-09-02,411.4437723605432,421.1476349162164,405.6214548271393,415.3253173828125,905300,0.0,0.0
2021-09-03,417.2660827636719,419.2068552416424,413.38453780773074,417.2660827636719,765800,0.0,0.0
2021-09-06,417.2661060757107,419.2068786621094,415.3253334893121,419.2068786621094,1028300,0.0,0.0
2021-09-07,419.2068959828969,432.79230464900934,419.2068959828969,430.8515319824219,1937300,0.0,0.0
2021-09-08,434.73305191532256,436.673824468516,421.14764404296875,421.14764404296875,1890400,0.0,0.0
2021-09-09,424.94671362417716,424.94671362417716,411.23875512017145,422.9884338378906,1634000,3.88,0.0
2021-09-10,422.9884144176136,436.6963722922585,422.9884144176136,430.821533203125,1749400,0.0,0.0
2021-09-13,432.7798072744947,436.69636661634536,422.9884089198681,426.90496826171875,879600,0.0,0.0
2021-09-14,426.9049961072509,426.9049961072509,422.98843650993666,424.94671630859375,678300,0.0,0.0
2021-09-15,424.94671362417716,426.9049934104637,421.0301540516041,422.9884338378906,1102900,0.0,0.0
2021-09-16,422.9884338378906,426.9049934104637,421.0301540516041,422.9884338378906,948700,0.0,0.0
2021-09-17,424.94671362417716,424.94671362417716,421.0301540516041,422.9884338378906,793500,0.0,0.0
2021-09-20,422.98840048146803,430.8215190089026,419.0718412177507,421.0301208496094,716600,0.0,0.0
2021-09-21,421.0301540516041,430.8215529830367,419.07187426531755,422.9884338378906,749000,0.0,0.0
2021-09-22,422.9884338378906,426.9049934104637,421.0301540516041,422.9884338378906,737700,0.0,0.0
2021-09-23,422.98840048146803,424.94668011332664,421.0301208496094,421.0301208496094,944600,0.0,0.0
2021-09-24,421.0301540516041,426.9049934104637,417.113594479031,422.9884338378906,1181600,0.0,0.0
2021-09-27,422.9884228976268,422.9884228976268,415.1553039550781,415.1553039550781,923100,0.0,0.0
2021-09-28,415.155331869261,415.155331869261,409.2804922673375,413.1970520019531,935000,0.0,0.0
2021-09-29,413.197024219441,417.1135836907153,413.197024219441,415.1553039550781,922100,0.0,0.0
2021-09-30,415.1552984328497,417.1135781424386,411.2387390136719,411.2387390136719,952200,0.0,0.0
2021-10-01,411.23874718034773,430.82154466512617,411.23874718034773,417.11358642578125,898800,0.0,0.0
2021-10-04,417.1136117365688,417.1136117365688,407.3222124000296,413.1970520019531,1398200,0.0,0.0
2021-10-05,413.1970187232608,422.9884172712054,411.2387390136719,411.2387390136719,870300,0.0,0.0
2021-10-06,411.2387390136719,415.1552984328497,409.28045930408297,411.2387390136719,876500,0.0,0.0
2021-10-07,411.2387390136719,417.1135781424386,409.28045930408297,411.2387390136719,828800,0.0,0.0
2021-10-08,413.1970131213848,415.1552928044246,407.3221740722656,407.3221740722656,881200,0.0,0.0
2021-10-11,409.2804922673375,415.155331869261,409.2804922673375,413.1970520019531,907700,0.0,0.0
2021-10-12,413.19701593572444,413.19701593572444,409.28045654296875,409.28045654296875,791400,0.0,0.0
2021-10-13,417.11357248746435,417.11357248746435,407.3221740722656,407.3221740722656,1069600,0.0,0.0
2021-10-14,411.23875512017145,424.94671362417716,409.2804753338849,422.9884338378906,2723000,0.0,0.0
2021-10-15,422.9884338378906,430.8215529830367,421.0301540516041,422.9884338378906,1114900,0.0,0.0
2021-10-18,424.94669411399144,440.6129316850142,424.94669411399144,430.821533203125,1889300,0.0,0.0
2021-10-19,438.6546519886364,438.6546519886364,428.8632535067471,430.821533203125,1358200,0.0,0.0
2021-10-21,430.82153870178774,446.4877764727618,430.82153870178774,434.73809814453125,2035500,0.0,0.0
2021-10-22,434.73812603842623,438.6546857324661,430.8215663443863,432.77984619140625,1063300,0.0,0.0
2021-10-25,432.7798128995028,434.7380925958807,428.8632535067471,430.821533203125,1125200,0.0,0.0
2021-10-26,430.82153041613157,430.82153041613157,426.9049710487122,428.8632507324219,1580400,0.0,0.0
2021-10-27,428.8632479326441,428.8632479326441,426.90496826171875,426.90496826171875,926400,0.0,0.0
2021-10-28,428.863275905908,430.8215557045651,424.94671630859375,424.94671630859375,969800,0.0,0.0
2021-10-29,426.9049738103693,430.821533203125,422.9884144176136,430.821533203125,928000,0.0,0.0
2021-11-01,430.82153041613157,438.65464915097033,428.8632507324219,428.8632507324219,970900,0.0,0.0
2021-11-02,434.7380925958807,440.6129316850142,428.8632535067471,430.821533203125,866200,0.0,0.0
2021-11-03,430.82153041613157,432.77981009984126,428.8632507324219,428.8632507324219,1226500,0.0,0.0
2021-11-04,430.82153041613157,430.82153041613157,428.8632507324219,428.8632507324219,639300,0.0,0.0
2021-11-05,428.8632507324219,434.73808978355095,426.9049710487122,428.8632507324219,1134300,0.0,0.0
2021-11-08,432.7798128995028,432.7798128995028,428.8632535067471,430.821533203125,1556600,0.0,0.0
2021-11-09,428.8632535067471,430.821533203125,428.8632535067471,430.821533203125,1078500,0.0,0.0
2021-11-10,428.8632479326441,430.8215276035694,426.90496826171875,426.90496826171875,805300,0.0,0.0
2021-11-11,430.82153041613157,430.82153041613157,426.9049710487122,428.8632507324219,677300,0.0,0.0
2021-11-12,428.8632479326441,432.7798072744947,426.90496826171875,426.90496826171875,913800,0.0,0.0
2021-11-15,428.8632535067471,432.7798128995028,424.94669411399144,430.821533203125,1195400,0.0,0.0
2021-11-16,432.77981009984126,432.77981009984126,428.8632507324219,428.8632507324219,817300,0.0,0.0
2021-11-17,430.82153041613157,432.77981009984126,426.9049710487122,428.8632507324219,837300,0.0,0.0
2021-11-18,430.821533203125,434.7380925958807,428.8632535067471,430.821533203125,948300,0.0,0.0
2021-11-19,430.821533203125,432.7798128995028,426.9049738103693,430.821533203125,905900,0.0,0.0
2021-11-22,430.821533203125,434.7380925958807,428.8632535067471,430.821533203125,897300,0.0,0.0
2021-11-23,430.821533203125,432.7798128995028,426.9049738103693,430.821533203125,1720800,0.0,0.0
2021-11-24,430.821533203125,432.7798128995028,426.9049738103693,430.821533203125,1243300,0.0,0.0
2021-11-25,434.73812603842623,434.73812603842623,428.8632864973664,432.77984619140625,800600,0.0,0.0
2021-11-26,434.73808978355095,434.73808978355095,421.0301319975831,428.8632507324219,1002000,0.0,0.0
2021-11-29,428.8632864973664,432.77984619140625,424.9467268033265,432.77984619140625,988400,0.0,0.0
2021-11-30,432.77981009984126,432.77981009984126,428.8632507324219,428.8632507324219,999700,0.0,0.0
2021-12-01,426.9049710487122,430.82153041613157,426.9049710487122,428.8632507324219,695100,0.0,0.0
2021-12-02,430.82153041613157,430.82153041613157,426.9049710487122,428.8632507324219,705300,0.0,0.0
2021-12-03,426.9049738103693,432.7798128995028,426.9049738103693,430.821533203125,1223000,0.0,0.0
2021-12-06,430.82153041613157,434.73808978355095,428.8632507324219,428.8632507324219,866400,0.0,0.0
2021-12-07,430.8215663443863,432.77984619140625,428.8632864973664,432.77984619140625,1002700,0.0,0.0
2021-12-08,432.77984619140625,432.77984619140625,428.8632864973664,432.77984619140625,768100,0.0,0.0
2021-12-09,432.77984619140625,432.77984619140625,426.9050066503464,432.77984619140625,891000,0.0,0.0
2021-12-10,432.7798128995028,432.7798128995028,428.8632535067471,430.821533203125,732300,0.0,0.0
2021-12-13,432.77984619140625,432.77984619140625,430.8215663443863,432.77984619140625,2373600,0.0,0.0
2021-12-14,432.7798128995028,434.7380925958807,430.821533203125,430.821533203125,1124200,0.0,0.0
2021-12-15,432.77984619140625,432.77984619140625,428.8632864973664,432.77984619140625,1734300,0.0,0.0
2021-12-16,432.77984619140625,434.73812603842623,430.8215663443863,432.77984619140625,711800,0.0,0.0
2021-12-17,432.7798128995028,434.7380925958807,430.821533203125,430.821533203125,972300,0.0,0.0
2021-12-20,432.7798284216772,468.0288642207278,432.7798284216772,464.1123046875,8518300,0.0,0.0
2021-12-21,468.0288650377662,469.9871448077987,438.6546684872788,442.57122802734375,5612800,0.0,0.0
2021-12-22,442.57121981633617,446.4877792837374,434.7381008815338,436.6963806152344,2342900,0.0,0.0
2021-12-23,434.7381193741508,450.40435791015625,430.8215597401495,450.40435791015625,1568800,0.0,0.0
2021-12-24,450.40432459402297,460.1957229547626,442.57120590543127,448.446044921875,1160600,0.0,0.0
2021-12-27,450.40432459402297,456.27916361046675,444.5294855775792,448.446044921875,1075200,0.0,0.0
2021-12-28,446.487794093822,448.44607389247915,424.94671630859375,424.94671630859375,3252900,0.0,0.0
2021-12-29,426.90498461042137,450.4043415614537,426.90498461042137,438.6546630859375,1526000,0.0,0.0
2021-12-30,438.65466034893495,464.1122968870428,436.6963806152344,436.6963806152344,16396300,0.0,0.0
2022-01-03,436.69635579427086,446.48775390625,432.77979654947916,440.6129150390625,1269700,0.0,0.0
2022-01-04,442.57123071611716,444.5295104980469,434.7381115883983,444.5295104980469,900800,0.0,0.0
2022-01-05,444.5294995500368,444.5294995500368,432.77982114783316,436.6963806152344,1237100,0.0,0.0
2022-01-06,438.65466034893495,438.65466034893495,432.77982114783316,436.6963806152344,867100,0.0,0.0
2022-01-07,436.69640588544615,448.44608496756575,432.77984619140625,432.77984619140625,1308700,0.0,0.0
2022-01-10,436.69635579427086,442.5711946614584,430.82151692708334,440.6129150390625,1768800,0.0,0.0
2022-01-11,442.5712454265059,442.5712454265059,432.77984619140625,432.77984619140625,1024900,0.0,0.0
2022-01-12,432.7798184231595,438.65465758727476,432.7798184231595,434.73809814453125,911200,0.0,0.0
2022-01-13,434.7381008815338,438.65466034893495,432.77982114783316,436.6963806152344,750500,0.0,0.0
2022-01-14,438.65465758727476,442.5712170300183,432.7798184231595,434.73809814453125,808400,0.0,0.0
2022-01-17,436.69638334001814,440.6129428318569,434.7381035940988,438.6546630859375,1355100,0.0,0.0
2022-01-18,438.65466034893495,440.6129400826356,430.8215414141326,436.6963806152344,2002000,0.0,0.0
2022-01-19,438.65466034893495,438.65466034893495,432.77982114783316,436.6963806152344,1049300,0.0,0.0
2022-01-20,436.69638334001814,438.6546630859375,432.77982384817943,438.6546630859375,826900,0.0,0.0
2022-01-21,438.6546711522577,460.1957487534847,438.6546711522577,444.5295104980469,1911000,0.0,0.0
2022-01-24,446.48779827615493,454.3209175441576,444.52951845915425,450.40435791015625,1079100,0.0,0.0
2022-01-25,452.36262077169215,460.19573974609375,444.52950179729055,460.19573974609375,1839100,0.0,0.0
2022-01-26,462.1540222167969,468.02886148226463,454.3209031961732,462.1540222167969,4834500,0.0,0.0
2022-01-27,462.1540139652629,468.0288531258383,454.3208950844957,456.2791748046875,2565800,0.0,0.0
2022-01-28,456.2791973611583,458.237477178159,446.48779827615493,450.40435791015625,1765600,0.0,0.0
2022-01-31,450.4043410280918,462.1540194896941,450.4043410280918,460.19573974609375,1358700,0.0,0.0
2022-02-02,460.19574452275816,572.7968309485394,460.19574452275816,563.0054321289062,6302400,0.0,0.0
2022-02-03,563.0054395443925,567.9011390186917,523.83984375,523.83984375,5079900,0.0,0.0
2022-02-04,523.8398425292969,523.8398425292969,487.61166650390624,489.5699462890625,2808900,0.0,0.0
2022-02-07,489.56992977955304,538.5269227575084,473.90369202660736,477.82025146484375,1652800,0.0,0.0
2022-02-08,477.8202686915888,538.5269421728972,469.9871495327103,523.83984375,5888800,0.0,0.0
2022-02-09,523.839861188616,538.5269601004464,504.25706263950894,514.0484619140625,1357500,0.0,0.0
2022-02-10,518.9441082294171,528.7355064978966,509.1527099609375,509.1527099609375,1750200,0.0,0.0
2022-02-11,514.0483771430122,528.7354736328125,504.25697948314524,528.7354736328125,1615300,0.0,0.0
2022-02-14,533.6312322333307,533.6312322333307,494.46563720703125,494.46563720703125,1979300,0.0,0.0
2022-02-15,504.2570140941723,548.3183065878378,504.2570140941723,543.422607421875,5720500,0.0,0.0
2022-02-16,553.2140333092731,670.7108191448709,553.2140333092731,563.0054321289062,22021500,0.0,0.0
2022-02-17,558.1097400700935,572.7968384929907,523.83984375,523.83984375,16228700,0.0,0.0
2022-02-18,523.839861188616,533.6312604631696,487.61168387276786,514.0484619140625,6097400,0.0,0.0
2022-02-21,509.1527182569781,528.7355151130157,489.56992140094053,504.25701904296875,5651000,0.0,0.0
2022-02-22,523.8398158990063,523.8398158990063,499.3613198289593,504.25701904296875,2651300,0.0,0.0
2022-02-23,504.25703056491153,518.9441285425303,475.8619744748486,479.7785339355469,5170800,0.0,0.0
2022-02-24,479.77855516516644,489.56995425016987,446.48779827615493,450.40435791015625,6758300,0.0,0.0
2022-02-25,450.40432215734506,485.6533560653112,440.6129238495767,468.0288391113281,10497800,0.0,0.0
2022-03-01,469.9871271306818,489.5699240944602,460.19572864879257,473.9036865234375,2059200,0.0,0.0
2022-03-02,473.9036752396271,475.8619548893776,460.19571769137343,466.070556640625,1984100,0.0,0.0
2022-03-04,466.07059249877926,473.90371170043943,446.4877944946289,469.9871520996094,2509400,0.0,0.0
2022-03-07,469.98714398734177,481.7368225870253,458.23746538765823,464.1123046875,2078200,0.0,0.0
2022-03-08,469.9871300006735,469.9871300006735,450.4043329173121,454.3208923339844,1430000,0.0,0.0
2022-03-09,454.3209175441576,462.15403681216037,448.44607809315556,450.40435791015625,1697900,0.0,0.0
2022-03-10,454.3208839383188,460.1957229547626,442.57120590543127,448.446044921875,1172200,0.0,0.0
2022-03-11,448.446044921875,456.27916361046675,442.57120590543127,448.446044921875,1159700,0.0,0.0
2022-03-14,450.404354095459,469.9871520996094,444.52951469421384,469.9871520996094,2994500,0.0,0.0
2022-03-15,471.94539558987657,473.9036752396271,458.2374380416229,466.070556640625,972400,0.0,0.0
2022-03-16,469.98714398734177,475.86198328718353,458.23746538765823,464.1123046875,941200,0.0,0.0
2022-03-17,464.1122797882208,471.94539843443545,458.23744080355976,468.0288391113281,863200,0.0,0.0
2022-03-18,471.9454319000244,471.9454319000244,462.1540328979492,469.9871520996094,922000,0.0,0.0
2022-03-21,466.0705789768949,471.94541820769615,460.19573974609375,460.19573974609375,1061100,0.0,0.0
2022-03-22,458.23744080355976,468.0288391113281,450.40432215734506,468.0288391113281,907400,0.0,0.0
2022-03-23,462.1540137118981,481.7368109030802,460.1957339927799,477.82025146484375,2591200,0.0,0.0
2022-03-24,481.73681640625,489.5699353722053,473.9036974402947,481.73681640625,2125900,0.0,0.0
2022-03-25,481.7368309020996,487.61167030334474,469.9871520996094,469.9871520996094,1046900,0.0,0.0
2022-03-28,469.9871325883709,487.61165006043484,469.9871325883709,477.82025146484375,1619700,0.0,0.0
2022-03-29,477.82024870193544,487.6116472409095,475.8619689941406,475.8619689941406,1272100,0.0,0.0
2022-03-30,473.9036752396271,477.82023453912814,462.15399734112395,466.070556640625,1426300,0.0,0.0
2022-03-31,466.07055944977446,471.94539843443545,460.1957204651134,468.0288391113281,1048000,0.0,0.0
2022-04-01,469.98714398734177,471.9454237539557,460.1957451542721,464.1123046875,761300,0.0,0.0
2022-04-04,464.11229923329455,471.94541820769615,458.2374600024933,460.19573974609375,1005100,0.0,0.0
2022-04-05,462.1540222167969,469.9871412374206,460.195742461641,462.1540222167969,720100,0.0,0.0
2022-04-06,462.1540194896941,468.02885872049535,458.2374600024933,460.19573974609375,838800,0.0,0.0
2022-04-07,462.1540222167969,466.07058172710873,460.195742461641,462.1540222167969,773000,0.0,0.0
2022-04-08,462.1540139652629,462.1540139652629,452.3626153643039,456.2791748046875,1146700,0.0,0.0
2022-04-11,458.23746618760373,460.19574595763623,434.7381089472138,442.57122802734375,1688700,0.0,0.0
2022-04-12,442.57121981633617,450.4043387511386,432.77982114783316,436.6963806152344,1969200,0.0,0.0
2022-04-13,436.69635579427086,448.44603352864584,436.69635579427086,440.6129150390625,1229900,0.0,0.0
2022-04-14,442.57122802734375,452.3626268775062,440.61294825731125,442.57122802734375,1205000,0.0,0.0
2022-04-18,442.57120313142474,450.40432177091895,442.57120313142474,446.4877624511719,1057900,0.0,0.0
2022-04-19,450.40435791015625,469.98715608016306,450.40435791015625,450.40435791015625,1735800,0.0,0.0
2022-04-20,456.27918918962524,456.27918918962524,440.61295093418744,444.5295104980469,1120400,0.0,0.0
2022-04-21,448.44607809315556,458.237477178159,446.48779827615493,450.40435791015625,1039900,0.0,0.0
2022-04-22,450.4043301669034,456.27916925603694,448.44605047052556,452.36260986328125,1233400,0.0,0.0
2022-04-25,452.36260143079255,452.36260143079255,444.5294827912983,446.4877624511719,763500,0.0,0.0
2022-04-26,446.4877652497271,448.446044921875,444.5294855775792,448.446044921875,903700,0.0,0.0
2022-04-27,448.446044921875,450.40432459402297,442.57120590543127,448.446044921875,887400,0.0,0.0
2022-04-28,448.446044921875,454.3208839383188,444.5294855775792,448.446044921875,770100,0.0,0.0
2022-05-09,448.4460700619063,460.1957487534847,444.5295104980469,444.5295104980469,877200,0.0,0.0
2022-05-10,444.5294853000466,448.44604464189723,422.9884089198681,426.90496826171875,1504400,0.0,0.0
2022-05-11,430.8215251721834,456.2791607505397,430.8215251721834,446.4877624511719,858500,0.0,0.0
2022-05-12,440.6129316850142,456.27916925603694,430.821533203125,430.821533203125,1833800,0.0,0.0
2022-05-13,430.8215663443863,442.5712454265059,428.8632864973664,432.77984619140625,685300,0.0,0.0
2022-05-17,432.77982384817943,448.44606181553434,428.8632643563407,438.6546630859375,770700,0.0,0.0
2022-05-18,446.4877707741477,446.4877707741477,428.8632535067471,430.821533203125,1469900,0.0,0.0
2022-05-19,432.77979864076127,440.61291716819585,419.0718412177507,421.0301208496094,1033100,0.0,0.0
2022-05-20,421.0301318535438,422.98841153658356,401.4473350231464,407.3221740722656,2031200,0.0,0.0
2022-05-23,419.07185502485794,422.9884144176136,405.36389715021306,409.28045654296875,886800,0.0,0.0
2022-05-24,415.15532120414406,415.15532120414406,401.4473624851393,405.3639221191406,1180500,0.0,0.0
2022-05-25,409.28045375530536,419.0718521705041,405.3638943892259,407.3221740722656,710000,0.0,0.0
2022-05-27,409.28045654296875,411.23873623934657,403.4056174538352,409.28045654296875,1073200,0.0,0.0
2022-05-30,409.28046743186985,419.07186617425907,409.28046743186985,417.11358642578125,996300,0.0,0.0
2022-05-31,419.0718656267439,438.6546630859375,415.1553061349052,438.6546630859375,1626900,0.0,0.0
2022-06-02,450.40432177091895,460.19572007028677,440.6129234715512,446.4877624511719,2023200,0.0,0.0
2022-06-03,450.40432177091895,450.40432177091895,440.6129234715512,446.4877624511719,945000,0.0,0.0
2022-06-06,446.48779827615493,454.3209175441576,440.6129588251529,450.40435791015625,1342900,0.0,0.0
2022-06-07,450.40435791015625,456.2791973611583,444.52951845915425,450.40435791015625,1217300,0.0,0.0
2022-06-08,450.40432459402297,454.3208839383188,446.4877652497271,448.446044921875,989900,0.0,0.0
2022-06-09,454.3208839383188,454.3208839383188,446.4877652497271,448.446044921875,1114000,0.0,0.0
2022-06-10,448.44603352864584,448.44603352864584,440.6129150390625,440.6129150390625,840700,0.0,0.0
2022-06-13,440.61291716819585,440.61291716819585,421.0301208496094,421.0301208496094,1980900,0.0,0.0
2022-06-14,421.03013756161647,421.03013756161647,407.32217959449406,411.2387390136719,1440200,0.0,0.0
2022-06-15,426.90496826171875,438.6546462872707,417.1135699070922,426.90496826171875,743300,0.0,0.0
2022-06-16,426.9049879412785,438.65466650846963,417.11358913528585,419.0718688964844,672900,0.0,0.0
2022-06-17,417.11357263016373,438.65464915097033,409.28045389532497,428.8632507324219,746700,0.0,0.0
2022-06-20,428.8632731967502,436.69639234189634,413.197034906458,422.9884338378906,868400,0.0,0.0
2022-06-21,422.9884116812928,428.8632507324219,417.11357263016373,428.8632507324219,809600,0.0,0.0
2022-06-22,428.8632479326441,432.7798072744947,419.0718495780175,426.90496826171875,668000,0.0,0.0
2022-06-23,430.8215529830367,430.8215529830367,419.07187426531755,422.9884338378906,731800,0.0,0.0
2022-06-24,424.94668011332664,428.86323937704395,417.11356158589206,421.0301208496094,644200,0.0,0.0
2022-06-27,422.9884144176136,444.5294910777699,422.9884144176136,430.821533203125,1126400,0.0,0.0
2022-06-28,440.6129428318569,450.4043415614537,422.9884251185826,438.6546630859375,1451500,0.0,0.0
2022-06-29,450.40431315104166,450.40431315104166,436.69635579427086,440.6129150390625,1509900,0.0,0.0
2022-06-30,440.6129234715512,452.36260143079255,440.6129234715512,446.4877624511719,1474200,0.0,0.0
2022-07-01,446.48779827615493,454.3209175441576,446.48779827615493,450.40435791015625,1299100,0.0,0.0
2022-07-04,456.2791779522404,456.2791779522404,434.7381008815338,436.6963806152344,1338700,0.0,0.0
2022-07-05,436.69635579427086,446.48775390625,430.82151692708334,440.6129150390625,884800,0.0,0.0
2022-07-06,440.6129428318569,448.44606181553434,422.9884251185826,438.6546630859375,939100,0.0,0.0
2022-07-07,450.4043387511386,450.4043387511386,430.8215414141326,436.6963806152344,1160700,0.0,0.0
2022-07-08,442.1087277276175,454.0040298189436,426.24832493918285,444.0912780761719,810700,5.46,0.0
2022-07-11,444.09129099802925,446.07384140427047,436.16108937306444,440.1261901855469,737600,0.0,0.0
2022-07-12,440.1261901855469,440.1261901855469,430.21343815434085,440.1261901855469,2388400,0.0,0.0
2022-07-13,444.0912780761719,446.07382842472623,440.1261773790632,444.0912780761719,643700,0.0,0.0
2022-07-14,442.1087341308594,446.0738348853962,436.1610829990541,442.1087341308594,764900,0.0,0.0
2022-07-15,442.1087341308594,446.0738348853962,434.1785326217857,442.1087341308594,749300,0.0,0.0
2022-07-18,450.0389356399331,450.0389356399331,440.12618375359096,442.1087341308594,916200,0.0,0.0
2022-07-19,442.10873252467104,455.98658511513156,440.12618215460526,452.021484375,1618100,0.0,0.0
2022-07-20,457.9691532300866,473.82955680515454,448.05640099566915,455.9866027832031,1429400,0.0,0.0
2022-07-21,465.89934840346825,465.89934840346825,452.0214954723011,457.9691467285156,1092700,0.0,0.0
2022-07-22,457.9691338927961,465.8993353454852,455.98658352962383,461.9342346191406,1215200,0.0,0.0
2022-07-25,461.9342410646636,463.91679145549904,454.0040395013217,459.9516906738281,1086000,0.0,0.0
2022-07-26,465.8993401507285,469.86444091796875,452.0214874653876,469.86444091796875,1593800,0.0,0.0
2022-07-27,471.84698486328125,477.79463593298647,465.89933379357603,471.84698486328125,2014100,0.0,0.0
2022-07-28,471.846986435002,479.7771878876911,461.9342346191406,461.9342346191406,1289400,0.0,0.0
2022-07-29,461.934245739953,477.7946490271617,459.9516953290519,467.88189697265625,1240000,0.0,0.0
2022-08-01,459.95170171210106,473.8295547810007,459.95170171210106,465.89935302734375,922400,0.0,0.0
2022-08-02,473.8295302431807,473.8295302431807,461.9342282287076,463.9167785644531,822200,0.0,0.0
2022-08-03,471.84699130158884,471.84699130158884,461.93423938348826,469.86444091796875,834600,0.0,0.0
2022-08-04,475.8121052194149,475.8121052194149,465.89935302734375,465.89935302734375,1008200,0.0,0.0
2022-08-05,465.8993401507285,469.86444091796875,463.91678976710836,469.86444091796875,902800,0.0,0.0
2022-08-08,471.8469799074352,475.81208057892627,463.9167785644531,463.9167785644531,1233200,0.0,0.0
2022-08-09,471.84699779445845,471.84699779445845,459.9516953290519,467.88189697265625,1325900,0.0,0.0
2022-08-10,471.84699779445845,471.84699779445845,467.88189697265625,467.88189697265625,1003800,0.0,0.0
2022-08-11,469.8644473835574,471.84699779445845,467.88189697265625,467.88189697265625,1044000,0.0,0.0
2022-08-12,469.8644345067128,475.81208557641804,467.88188415014446,471.84698486328125,1404000,0.0,0.0
2022-08-15,471.84700434258644,473.8295547810007,455.9866008352726,465.89935302734375,1104700,0.0,0.0
2022-08-16,465.8993401507285,471.84699130158884,461.93423938348826,469.86444091796875,778800,0.0,0.0
2022-08-18,469.86445452219033,493.6550598144531,469.86445452219033,493.6550598144531,4752700,0.0,0.0
2022-08-19,495.63759857753536,550.1577344210642,495.63759857753536,525.3758544921875,6669700,0.0,0.0
2022-08-22,540.2449880981445,540.2449880981445,489.68995251464844,495.6376037597656,3023200,0.0,0.0
2022-08-23,505.5503662109375,530.3322469075521,505.5503662109375,520.4194946289062,2438600,0.0,0.0
2022-08-24,520.4194508950541,639.3724682424951,520.4194508950541,629.459716796875,20231600,0.0,0.0
2022-08-25,624.5033435356327,683.9798524437881,589.8087133392086,609.6342163085938,14617500,0.0,0.0
2022-08-26,639.3725100430576,674.0671423709754,614.5906298088305,654.2416381835938,8702700,0.0,0.0
2022-08-29,654.2416381835938,669.1107663241299,624.5033819025213,654.2416381835938,4005300,0.0,0.0
2022-08-30,654.2416221217105,674.0671258223684,654.2416221217105,659.197998046875,4081800,0.0,0.0
2022-08-31,669.1107285190636,723.6308619539502,659.1979769854478,703.8053588867188,10202200,0.0,0.0
2022-09-01,703.8054037027425,728.5872841148109,683.9798993730878,708.7617797851562,7184100,0.0,0.0
2022-09-02,728.5872675577799,728.5872675577799,698.849011739095,713.7181396484375,3454400,0.0,0.0
2022-09-05,713.7181640625,758.3255493164063,713.7181640625,743.4564208984375,21890000,0.0,0.0
2022-09-06,743.456412362052,763.2819166917067,698.8490276203289,708.7617797851562,22197200,0.0,0.0
2022-09-07,708.7617572985197,723.6308850740131,659.197998046875,659.197998046875,12647100,0.0,0.0
2022-09-08,614.5906024639423,654.2416090745193,614.5906024639423,644.328857421875,16745900,0.0,0.0
2022-09-09,644.3288825539981,703.8053947897519,639.372506534352,674.067138671875,17238100,0.0,0.0
2022-09-12,674.0671226334398,718.674505748888,654.2416190265739,679.0234985351562,20966500,0.0,0.0
2022-09-13,693.8926048801369,847.5402531035959,683.9798533818492,723.630859375,131884000,0.0,0.0
2022-09-14,723.6309080323973,753.3691645268793,688.9362754555015,708.7617797851562,33768000,0.0,0.0
2022-09-15,718.6744939268025,758.3255004882812,713.7181181066176,758.3255004882812,21010800,0.0,0.0
2022-09-16,758.3255456326276,872.322196283284,738.5000411716438,837.6275634765625,46356300,0.0,0.0
2022-09-19,857.4530590669609,902.0604436426987,783.1074181073977,802.9329223632812,47518800,0.0,0.0
2022-09-20,807.8892822265625,842.5839139786235,793.0201543328221,807.8892822265625,18318300,0.0,0.0
2022-09-21,807.8892984272521,827.7148026831356,797.9765462993104,802.9329223632812,9293300,0.0,0.0
2022-09-22,797.9765358409662,872.3221758261494,778.1510318449174,862.409423828125,40077400,0.0,0.0
2022-09-23,872.3221662144462,872.3221662144462,802.9329029928424,827.7147827148438,25248100,0.0,0.0
2022-09-26,812.8456315933519,832.6711348029459,773.194625174164,778.1510009765625,23372200,0.0,0.0
2022-09-27,773.1946225373641,812.8456288213315,753.3691193953805,797.9765014648438,13251800,0.0,0.0
2022-09-28,802.9329223632812,852.49668300299,793.0201702353395,802.9329223632812,28193000,0.0,0.0
2022-09-29,807.8892724452875,827.7147760635767,758.3255133995642,773.1946411132812,35276400,0.0,0.0
2022-09-30,788.0638019512226,788.0638019512226,723.6309124835126,763.2819213867188,21934000,0.0,0.0
2022-10-03,758.325545273818,778.1510497254211,733.5436647093142,763.2819213867188,6887600,0.0,0.0
2022-10-04,778.1510497254211,783.1074258383218,753.3691691609172,763.2819213867188,6259700,0.0,0.0
2022-10-05,763.281886291504,822.758396911621,758.3255104064941,793.0201416015625,26344000,0.0,0.0
2022-10-06,797.9765426451901,837.6275509753859,783.1074145213668,822.7584228515625,32437900,0.0,0.0
2022-10-07,822.7584266191648,837.6275548110774,793.0201702353395,802.9329223632812,15101800,0.0,0.0
2022-10-10,802.9329096956072,807.8892856813826,748.4127738520784,788.0637817382812,37812800,0.0,0.0
2022-10-11,783.1073929224258,807.8892724452875,753.369137494992,773.1946411132812,19295400,0.0,0.0
2022-10-12,773.1946736125203,793.0201780641233,728.5872885964134,763.2819213867188,28522500,0.0,0.0
2022-10-13,723.6309163411458,763.2819254557292,723.6309163411458,743.4564208984375,8990500,0.0,0.0
2022-10-14,743.4563991001673,763.2819030761718,693.8926391601562,693.8926391601562,34564900,0.0,0.0
2022-10-17,674.0671351841518,708.7617671421596,649.2852552141462,693.8926391601562,32209800,0.0,0.0
2022-10-18,698.8490151541573,708.7617671421596,659.1980072021485,693.8926391601562,24604000,0.0,0.0
2022-10-19,693.8926262403056,698.8490021420221,674.0671226334398,679.0234985351562,7079000,0.0,0.0
2022-10-20,679.0235146915212,748.4127789665671,674.067138671875,674.067138671875,27763500,0.0,0.0
2022-10-21,679.0234853260553,683.9798611313549,654.2416062995569,664.1543579101562,6995000,0.0,0.0
2022-10-24,664.1543678662456,703.8053749030364,639.3724884682514,698.8489990234375,28507500,0.0,0.0
2022-10-25,703.8053877088759,728.5872675577799,693.8926357693142,713.7181396484375,17101200,0.0,0.0
2022-10-26,713.7181521045918,738.5000323860013,703.805399992028,728.5872802734375,12411900,0.0,0.0
2022-10-27,738.5000323860013,738.5000323860013,713.7181521045918,728.5872802734375,6189500,0.0,0.0
2022-10-28,728.5872575523209,728.5872575523209,679.0234985351562,679.0234985351562,6407600,0.0,0.0
2022-10-31,683.979887172154,703.8053911481585,654.2416312081473,693.8926391601562,14513600,0.0,0.0
2022-11-01,693.8926391601562,708.7617671421596,683.979887172154,693.8926391601562,11604600,0.0,0.0
2022-11-02,693.892607353103,708.7617346535266,683.9798558194872,703.8053588867188,7475000,0.0,0.0
2022-11-03,703.8053588867188,713.7181104203345,693.892607353103,703.8053588867188,4531500,0.0,0.0
2022-11-04,703.8054076270233,703.8054076270233,688.936279296875,688.936279296875,1551200,0.0,0.0
2022-11-07,688.936268383304,753.3691567932533,683.9798923517694,748.4127807617188,21116700,0.0,0.0
2022-11-08,748.4127546639278,778.1510098161369,713.7181236530173,718.6744995117188,30328100,0.0,0.0
2022-11-09,718.6744939268025,763.281876308466,708.7617422864328,758.3255004882812,33944700,0.0,0.0
2022-11-10,763.2819088563224,768.2382848878569,713.7181485409768,748.4127807617188,38030400,0.0,0.0
2022-11-11,753.3691731770833,768.2383015950521,738.5000447591145,743.4564208984375,22908000,0.0,0.0
2022-11-14,743.4564131724684,822.7584305775317,743.4564131724684,783.107421875,112395000,0.0,0.0
2022-11-15,783.1073868914348,832.6711455554497,778.1510110250333,812.8456420898438,68376000,0.0,0.0
2022-11-16,812.8456420898438,822.7583938226467,797.9765144906393,812.8456420898438,20624200,0.0,0.0
2022-11-17,812.8456315933519,812.8456315933519,758.3254977669685,778.1510009765625,30214100,0.0,0.0
2022-11-18,778.1510139465332,797.9765174865722,758.3255104064941,793.0201416015625,35394800,0.0,0.0
2022-11-21,793.0201386242378,812.8456420898438,788.0637627578363,812.8456420898438,29042500,0.0,0.0
2022-11-22,812.845674491223,827.7148026831356,788.0637941713686,802.9329223632812,31144700,0.0,0.0
2022-11-23,802.9329223632812,812.845674491223,793.0201702353395,802.9329223632812,22462500,0.0,0.0
2022-11-24,802.9328965407151,802.9328965407151,748.4127615904197,773.1946411132812,73125300,0.0,0.0
2022-11-25,773.1946572580646,783.1074092741936,753.3691532258065,768.23828125,27488400,0.0,0.0
2022-11-28,768.2382848878569,783.1074129824607,748.4127807617188,748.4127807617188,17062200,0.0,0.0
2022-11-29,753.369140625,758.3255165501645,738.5000128495066,753.369140625,13460600,0.0,0.0
2022-11-30,753.3691246680963,773.1946279488358,743.4563730277267,758.3255004882812,15491300,0.0,0.0
2022-12-01,758.3255063813309,768.2382580987339,713.7181236530173,718.6744995117188,29018500,0.0,0.0
2022-12-02,713.7181640625,718.6745402018229,669.1107788085938,669.1107788085938,20813400,0.0,0.0
2022-12-05,664.1543637230283,669.1107395717075,624.5033569335938,624.5033569335938,17228200,0.0,0.0
2022-12-06,614.590633392334,649.2852659225464,589.8087530136108,634.4161376953125,28514400,0.0,0.0
2022-12-07,639.3725137710571,639.3725137710571,594.7651290893555,634.4161376953125,19690500,0.0,0.0
2022-12-08,629.4597192779789,634.4160950203252,599.7214648239012,609.6342163085938,10295600,0.0,0.0
2022-12-09,609.6342163085938,609.6342163085938,594.7650890815548,609.6342163085938,4173400,0.0,0.0
2022-12-12,609.6342451171874,619.5469970703125,599.7214931640625,619.5469970703125,6911300,0.0,0.0
2022-12-13,619.547000601272,629.4597526108923,594.7651205772211,599.7214965820312,25963600,0.0,0.0
2022-12-14,609.6342323178151,614.5906081903177,594.7651047003073,604.6778564453125,6238800,0.0,0.0
2022-12-15,604.6778725868414,604.6778725868414,594.7651205772211,599.7214965820312,2040300,0.0,0.0
2022-12-16,599.7215088875063,614.5906372070312,569.9832522484564,614.5906372070312,14587500,0.0,0.0
2022-12-19,619.5469810849144,629.459732782273,609.6342293875558,624.5033569335938,4632600,0.0,0.0
2022-12-20,624.5033894200479,624.5033894200479,604.6778849940147,614.5906372070312,2977500,0.0,0.0
2022-12-21,614.5906372070312,634.4161416330645,604.6778849940147,614.5906372070312,10159700,0.0,0.0
2022-12-22,614.5906412760417,614.5906412760417,579.8960083007812,594.76513671875,11061600,0.0,0.0
2022-12-23,594.7651290893555,644.3288898468018,589.8087530136108,634.4161376953125,23862500,0.0,0.0
2022-12-26,639.3724844796317,644.328860328311,619.5469810849144,624.5033569335938,13472900,0.0,0.0
2022-12-27,624.5033894200479,624.5033894200479,609.634261100523,614.5906372070312,3146000,0.0,0.0
2022-12-28,614.5906024639423,674.0671123798077,609.6342266376201,644.328857421875,48535300,0.0,0.0
2022-12-29,649.2852332481971,654.2416090745193,634.4161057692307,644.328857421875,9086900,0.0,0.0
2022-12-30,654.2416090745193,654.2416090745193,639.3724815955528,644.328857421875,5084600,0.0,0.0
2023-01-02,644.3288898468018,644.3288898468018,619.5470094680786,634.4161376953125,9159600,0.0,0.0
2023-01-03,634.4161376953125,644.3288898468018,624.5033855438232,634.4161376953125,6598200,0.0,0.0
2023-01-04,634.416125,634.416125,619.5469970703125,619.5469970703125,3029000,0.0,0.0
2023-01-05,619.5469840628202,619.5469840628202,589.8087288278048,604.6778564453125,8084500,0.0,0.0
2023-01-06,604.6778889973958,604.6778889973958,594.76513671875,594.76513671875,1701500,0.0,0.0
2023-01-09,594.7651077529131,594.7651077529131,579.8959800590903,584.8523559570312,3591300,0.0,0.0
2023-01-10,584.8523591694079,584.8523591694079,565.02685546875,565.02685546875,4312200,0.0,0.0
2023-01-11,565.02685546875,569.9832313939145,540.2449758429276,565.02685546875,16034000,0.0,0.0
2023-01-12,565.02685546875,579.8959832442434,560.0704795435855,565.02685546875,5862700,0.0,0.0
2023-01-13,565.02685546875,565.02685546875,555.114103618421,565.02685546875,1788700,0.0,0.0
2023-01-16,565.0268422719595,565.0268422719595,550.15771484375,550.15771484375,1985400,0.0,0.0
2023-01-17,550.1577434708587,560.0704956054688,545.2013674035537,560.0704956054688,2251200,0.0,0.0
2023-01-18,560.0705119541713,569.9832643781389,550.1577595302036,555.1141357421875,4526300,0.0,0.0
2023-01-19,555.1141234231651,569.9832517291427,540.2449951171875,540.2449951171875,7391300,0.0,0.0
2023-01-20,540.2449824495136,540.2449824495136,505.5503505490861,525.3758544921875,8557700,0.0,0.0
2023-01-24,525.375838520371,540.2449660256644,525.375838520371,530.3322143554688,2211800,0.0,0.0
2023-01-25,530.332227117365,545.2013549804688,525.3758511629972,545.2013549804688,1684600,0.0,0.0
2023-01-26,550.1577309348366,550.1577309348366,540.2449790261009,545.2013549804688,1402300,0.0,0.0
2023-01-27,545.2013674035537,574.9396238073839,540.2449913362486,560.0704956054688,15069200,0.0,0.0
2023-01-30,560.070486392615,560.070486392615,525.3758544921875,525.3758544921875,10682400,0.0,0.0
2023-01-31,515.4631184895833,530.3322469075521,505.5503662109375,520.4194946289062,2910300,0.0,0.0
2023-02-01,520.4194785064121,540.2449824495136,520.4194785064121,525.3758544921875,2581700,0.0,0.0
2023-02-02,525.375838520371,540.2449660256644,525.375838520371,530.3322143554688,1900900,0.0,0.0
2023-02-03,535.2885901905665,545.2013418607622,530.3322143554688,530.3322143554688,1846200,0.0,0.0
2023-02-06,535.2885901905665,545.2013418607622,525.375838520371,530.3322143554688,2145800,0.0,0.0
2023-02-07,530.3321985315393,540.2449499059607,510.50669578269674,535.28857421875,3366700,0.0,0.0
2023-02-08,535.288603071733,550.1577309348366,530.332227117365,545.2013549804688,2036400,0.0,0.0
2023-02-09,545.2013549804688,550.1577309348366,530.332227117365,545.2013549804688,4277400,0.0,0.0
2023-02-10,545.2013418607622,545.2013418607622,525.375838520371,530.3322143554688,3738100,0.0,0.0
2023-02-13,530.3322143554688,535.2885901905665,515.4630868501753,530.3322143554688,2065000,0.0,0.0
2023-02-14,530.3321985315393,540.2449499059607,525.3758228443287,535.28857421875,4891200,0.0,0.0
2023-02-15,535.288623046875,535.288623046875,515.4631184895833,520.4194946289062,5058900,0.0,0.0
2023-02-16,520.4194785064121,535.2886064637382,515.4631025206368,525.3758544921875,2472000,0.0,0.0
2023-02-17,525.375838520371,535.2885901905665,520.4194626852731,530.3322143554688,2930600,0.0,0.0
2023-02-20,530.3322429132024,545.20137121918,530.3322429132024,540.2449951171875,5639700,0.0,0.0
2023-02-21,545.20137121918,569.9832517291427,535.288619015195,540.2449951171875,14929700,0.0,0.0
2023-02-22,540.2449499059607,540.2449499059607,520.419447157118,535.28857421875,5299200,0.0,0.0
2023-02-23,535.288623046875,535.288623046875,520.4194946289062,520.4194946289062,3369900,0.0,0.0
2023-02-24,520.4194626852731,530.3322143554688,515.4630868501753,530.3322143554688,3747800,0.0,0.0
2023-02-27,530.3322469075521,530.3322469075521,515.4631184895833,520.4194946289062,3896000,0.0,0.0
2023-02-28,520.4194946289062,525.3758707682292,510.5067423502604,520.4194946289062,3295800,0.0,0.0
2023-03-01,520.4194946289062,525.3758707682292,515.4631184895833,520.4194946289062,4114700,0.0,0.0
2023-03-02,520.4194946289062,530.3322469075521,515.4631184895833,520.4194946289062,3857900,0.0,0.0
2023-03-03,520.4194655927639,525.3758414555522,510.5067138671875,510.5067138671875,3739900,0.0,0.0
2023-03-06,510.5067423502604,525.3758707682292,510.5067423502604,520.4194946289062,3295600,0.0,0.0
2023-03-07,520.4194494394155,520.4194494394155,510.5066980215219,515.4630737304688,1784900,0.0,0.0
2023-03-08,515.4631184895833,530.3322469075521,510.5067423502604,520.4194946289062,1782000,0.0,0.0
2023-03-09,520.4194785064121,540.2449824495136,515.4631025206368,525.3758544921875,8193700,0.0,0.0
2023-03-10,525.3758544921875,540.2449824495136,520.4194785064121,525.3758544921875,3599500,0.0,0.0
2023-03-13,525.375838520371,535.2885901905665,520.4194626852731,530.3322143554688,2972300,0.0,0.0
2023-03-14,530.3321985315393,545.2013255931713,530.3321985315393,535.28857421875,3966400,0.0,0.0
2023-03-15,535.288603071733,560.0704828435724,535.288603071733,545.2013549804688,16186300,0.0,0.0
2023-03-16,545.2013418607622,555.1140935309579,530.3322143554688,530.3322143554688,4764300,0.0,0.0
2023-03-17,530.3322429132024,555.1141234231651,530.3322429132024,540.2449951171875,4348700,0.0,0.0
2023-03-20,540.2449951171875,565.0268756271502,535.288619015195,540.2449951171875,4926200,0.0,0.0
2023-03-21,540.2449499059607,545.2013255931713,535.28857421875,535.28857421875,3848400,0.0,0.0
2023-03-24,535.2885901905665,545.2013418607622,520.4194626852731,530.3322143554688,5052900,0.0,0.0
2023-03-27,530.332227117365,550.1577309348366,525.3758511629972,545.2013549804688,3917000,0.0,0.0
2023-03-28,535.2885874155405,555.1140906531531,535.2885874155405,550.15771484375,3504300,0.0,0.0
2023-03-29,560.0705119541713,565.0268881661551,550.1577595302036,555.1141357421875,4380000,0.0,0.0
2023-03-30,560.0705119541713,560.0705119541713,550.1577595302036,555.1141357421875,4043900,0.0,0.0
2023-03-31,550.1577309348366,560.0704828435724,540.2449790261009,545.2013549804688,2729500,0.0,0.0
2023-04-03,545.2013674035537,560.0704956054688,540.2449913362486,560.0704956054688,3332800,0.0,0.0
2023-04-04,560.0704664625563,565.0268422719595,545.2013390343468,550.15771484375,3371000,0.0,0.0
2023-04-05,555.1140906531531,560.0704664625563,545.2013390343468,550.15771484375,3429000,0.0,0.0
2023-04-06,550.1577473211726,550.1577473211726,535.288619015195,540.2449951171875,4359200,0.0,0.0
2023-04-10,540.2449824495136,545.2013584352889,525.3758544921875,525.3758544921875,4982600,0.0,0.0
2023-04-11,530.3321985315393,540.2449499059607,520.419447157118,535.28857421875,3048900,0.0,0.0
2023-04-12,535.288623046875,535.288623046875,515.4631184895833,520.4194946289062,4195700,0.0,0.0
2023-04-13,525.3758251483623,530.3322008573092,510.5066980215219,515.4630737304688,3857900,0.0,0.0
2023-04-14,525.3758707682292,525.3758707682292,515.4631184895833,520.4194946289062,2951300,0.0,0.0
2023-04-17,520.4194494394155,525.3758251483623,510.5066980215219,515.4630737304688,3981900,0.0,0.0
2023-04-18,515.4631025206368,530.3322304779629,515.4631025206368,525.3758544921875,4481600,0.0,0.0
2023-04-26,530.3322304779629,530.3322304779629,510.5067265348614,525.3758544921875,4624700,0.0,0.0
2023-04-27,530.3322143554688,545.2013418607622,510.50671101507737,530.3322143554688,6415000,0.0,0.0
2023-04-28,530.3321985315393,540.2449499059607,530.3321985315393,535.28857421875,4067400,0.0,0.0
2023-05-02,535.288619015195,555.1141234231651,525.3758668112098,540.2449951171875,13572700,0.0,0.0
2023-05-03,545.2013549804688,584.852362615412,535.288603071733,545.2013549804688,36515300,0.0,0.0
2023-05-04,555.1140901935635,679.0234853260553,540.2449627776645,664.1543579101562,91480800,0.0,0.0
2023-05-05,664.154395043433,728.5872841148109,649.2852667961921,708.7617797851562,53084700,0.0,0.0
2023-05-08,708.7617422864328,778.1510037690206,703.805366466248,758.3255004882812,40834800,0.0,0.0
2023-05-09,758.3255328247878,768.2382848878569,738.5000286986497,748.4127807617188,13885500,0.0,0.0
2023-05-10,753.3691731770833,763.2819254557292,733.5436686197917,743.4564208984375,8860500,0.0,0.0
2023-05-11,743.4564208984375,763.2819254557292,728.5872924804687,743.4564208984375,16710700,0.0,0.0
2023-05-12,753.3691567932533,758.3255328247878,733.5436526671151,748.4127807617188,5670700,0.0,0.0
2023-05-15,748.4127516778524,763.281879194631,733.5436241610738,738.5,11832600,0.0,0.0
2023-05-16,738.5,743.4563758389262,688.9362416107383,738.5,21959700,0.0,0.0
2023-05-17,743.4563954671223,748.4127714369032,713.7181396484375,713.7181396484375,4032700,0.0,0.0
2023-05-19,713.7181431361607,718.6745191301618,688.9362631661551,693.8926391601562,6409000,0.0,0.0
2023-05-22,693.8926427504596,693.8926427504596,674.067138671875,674.067138671875,6815100,0.0,0.0
2023-05-23,674.0671509667266,753.369168727518,674.0671509667266,688.936279296875,30324900,0.0,0.0
2023-05-24,679.0234800526794,723.6308619539502,669.1107285190636,703.8053588867188,19342800,0.0,0.0
2023-05-25,708.7617636786566,723.6308915879991,703.8053877088759,713.7181396484375,11417400,0.0,0.0
2023-05-26,713.7181236530173,723.6308753704203,703.8053719356143,718.6744995117188,11479100,0.0,0.0
2023-05-29,723.6309120672212,728.5872881772707,683.9799031868255,688.936279296875,10734800,0.0,0.0
2023-05-30,693.8926156850962,743.4563739483173,644.328857421875,644.328857421875,56760200,0.0,0.0
2023-05-31,634.416092519685,659.1979711337352,609.6342139056349,629.459716796875,9238800,0.0,0.0
2023-06-05,629.4597696940104,679.0235310872396,614.5906412760417,669.1107788085938,33776100,0.0,0.0
2023-06-06,669.1107467317233,683.9798744368727,654.2416190265739,679.0234985351562,6238400,0.0,0.0
2023-06-07,679.0234955050421,713.7181266622341,674.0671196254433,698.8489990234375,16144200,0.0,0.0
2023-06-08,698.8489990234375,718.6745025418329,679.0234955050421,698.8489990234375,11025800,0.0,0.0
2023-06-09,698.8490151541573,703.8053911481585,683.979887172154,693.8926391601562,5965900,0.0,0.0
2023-06-12,693.8926391601562,703.8053911481585,688.9362631661551,693.8926391601562,7813500,0.0,0.0
2023-06-13,693.8926391601562,703.8053911481585,674.0671351841518,693.8926391601562,10461600,0.0,0.0
2023-06-14,698.8489857549253,698.8489857549253,674.0671068274456,683.9798583984375,6647300,0.0,0.0
2023-06-15,683.9798583984375,698.8489857549253,679.0234826129416,683.9798583984375,3942800,0.0,0.0
2023-06-16,683.9799031868255,693.8926554069244,679.0235270767761,688.936279296875,5111300,0.0,0.0
2023-06-19,693.8926391601562,703.8053911481585,683.979887172154,693.8926391601562,8135900,0.0,0.0
2023-06-20,698.8490315169739,698.8490315169739,674.0671509667266,688.936279296875,5526500,0.0,0.0
2023-06-21,688.9362535978618,753.369140625,688.9362535978618,753.369140625,31934700,0.0,0.0
2023-06-22,753.3691605548469,763.2819126674107,723.6309042171556,728.5872802734375,15464800,0.0,0.0
2023-06-23,728.5872841148109,738.5000362796383,708.7617797851562,708.7617797851562,8891100,0.0,0.0
2023-06-26,713.7181208053692,743.4563758389262,698.8489932885907,738.5,18312900,0.0,0.0
2023-06-27,745.0,750.0,725.0,745.0,8087500,6.5,0.0
2023-07-03,745.0,760.0,715.0,720.0,12401100,0.0,0.0
2023-07-04,720.0,765.0,715.0,745.0,16157900,0.0,0.0
2023-07-05,750.0,805.0,745.0,795.0,38039100,0.0,0.0
2023-07-06,800.0,805.0,770.0,780.0,19360200,0.0,0.0
2023-07-07,780.0,795.0,765.0,785.0,8298700,0.0,0.0
2023-07-10,795.0,795.0,755.0,765.0,10086100,0.0,0.0
2023-07-11,775.0,790.0,760.0,775.0,9562300,0.0,0.0
2023-07-12,780.0,785.0,765.0,770.0,5933000,0.0,0.0
2023-07-13,770.0,775.0,730.0,750.0,14693300,0.0,0.0
2023-07-14,750.0,790.0,745.0,760.0,14088000,0.0,0.0
2023-07-17,765.0,785.0,745.0,775.0,8456500,0.0,0.0
2023-07-18,780.0,790.0,755.0,780.0,17698100,0.0,0.0
2023-07-20,785.0,805.0,760.0,785.0,22579200,0.0,0.0
2023-07-21,785.0,800.0,755.0,795.0,25446000,0.0,0.0
2023-07-24,795.0,800.0,775.0,785.0,8429700,0.0,0.0
2023-07-25,785.0,795.0,770.0,775.0,11261100,0.0,0.0
2023-07-26,775.0,835.0,770.0,830.0,23333200,0.0,0.0
2023-07-27,830.0,840.0,805.0,805.0,24336500,0.0,0.0
2023-07-28,805.0,810.0,780.0,790.0,11635400,0.0,0.0
2023-07-31,790.0,825.0,785.0,815.0,15098800,0.0,0.0
2023-08-01,815.0,825.0,800.0,810.0,11955300,0.0,0.0
2023-08-02,810.0,815.0,700.0,760.0,51723400,0.0,0.0
2023-08-03,760.0,775.0,750.0,755.0,13346800,0.0,0.0
2023-08-04,755.0,770.0,735.0,745.0,19134000,0.0,0.0
2023-08-07,745.0,745.0,720.0,720.0,9382300,0.0,0.0
2023-08-08,715.0,745.0,715.0,720.0,8312100,0.0,0.0
2023-08-09,720.0,740.0,710.0,720.0,9970400,0.0,0.0
2023-08-10,720.0,735.0,705.0,710.0,10200500,0.0,0.0
2023-08-11,710.0,740.0,705.0,730.0,12203800,0.0,0.0
2023-08-14,730.0,740.0,710.0,730.0,15473500,0.0,0.0
2023-08-15,730.0,785.0,730.0,770.0,20873900,0.0,0.0
2023-08-16,770.0,780.0,750.0,765.0,11136800,0.0,0.0
2023-08-18,765.0,770.0,720.0,740.0,18915500,0.0,0.0
2023-08-21,740.0,765.0,735.0,745.0,10763900,0.0,0.0
2023-08-22,750.0,770.0,735.0,755.0,20129200,0.0,0.0
2023-08-23,770.0,780.0,745.0,760.0,11539200,0.0,0.0
2023-08-24,760.0,770.0,755.0,770.0,5307400,0.0,0.0
2023-08-25,770.0,810.0,765.0,790.0,28238300,0.0,0.0
2023-08-28,805.0,890.0,790.0,880.0,51685700,0.0,0.0
2023-08-29,900.0,905.0,840.0,845.0,32962700,0.0,0.0
2023-08-30,845.0,890.0,845.0,850.0,19474200,0.0,0.0
2023-08-31,855.0,875.0,815.0,830.0,16143200,0.0,0.0
2023-09-01,830.0,860.0,820.0,830.0,10711500,0.0,0.0
2023-09-04,835.0,850.0,810.0,825.0,9227900,0.0,0.0
2023-09-05,820.0,840.0,820.0,820.0,5252200,0.0,0.0
2023-09-06,825.0,850.0,825.0,840.0,8672200,0.0,0.0
2023-09-07,845.0,870.0,835.0,840.0,12557200,0.0,0.0
2023-09-08,845.0,860.0,840.0,855.0,6778100,0.0,0.0
2023-09-11,860.0,865.0,830.0,840.0,8731000,0.0,0.0
2023-09-12,845.0,890.0,835.0,850.0,18144400,0.0,0.0
2023-09-13,855.0,870.0,835.0,845.0,8921100,0.0,0.0
2023-09-14,850.0,855.0,815.0,825.0,14829600,0.0,0.0
2023-09-15,830.0,850.0,815.0,845.0,9461200,0.0,0.0
2023-09-18,850.0,970.0,845.0,950.0,57221900,0.0,0.0
2023-09-19,975.0,975.0,930.0,945.0,22530200,0.0,0.0
2023-09-20,945.0,970.0,930.0,935.0,11693800,0.0,0.0
2023-09-21,935.0,1030.0,930.0,1030.0,39299500,0.0,0.0
2023-09-22,1035.0,1060.0,1020.0,1040.0,18357200,0.0,0.0
2023-09-25,1055.0,1095.0,1045.0,1060.0,18497800,0.0,0.0
2023-09-26,1065.0,1070.0,905.0,925.0,48782200,0.0,0.0
2023-09-27,920.0,950.0,915.0,915.0,16579300,0.0,0.0
2023-09-29,915.0,925.0,855.0,855.0,25117900,0.0,0.0
2023-10-02,855.0,910.0,850.0,905.0,13651600,0.0,0.0
2023-10-03,910.0,920.0,895.0,900.0,8007600,0.0,0.0
2023-10-04,900.0,910.0,865.0,885.0,11592300,0.0,0.0
2023-10-05,885.0,895.0,860.0,870.0,6957100,0.0,0.0
2023-10-06,870.0,900.0,865.0,880.0,4308700,0.0,0.0
2023-10-09,880.0,885.0,840.0,845.0,7404500,0.0,0.0
2023-10-10,850.0,900.0,845.0,865.0,8136900,0.0,0.0
2023-10-11,885.0,885.0,860.0,870.0,2941100,0.0,0.0
2023-10-12,865.0,880.0,845.0,850.0,6966100,0.0,0.0
2023-10-13,850.0,875.0,840.0,845.0,5598600,0.0,0.0
2023-10-16,840.0,860.0,805.0,820.0,11322200,0.0,0.0
2023-10-17,835.0,870.0,820.0,870.0,7930000,0.0,0.0
2023-10-18,875.0,880.0,835.0,835.0,9595500,0.0,0.0
2023-10-19,840.0,845.0,825.0,830.0,3220300,0.0,0.0
2023-10-20,830.0,840.0,820.0,835.0,1920200,0.0,0.0
2023-10-23,840.0,845.0,780.0,800.0,8165600,0.0,0.0
2023-10-24,800.0,835.0,800.0,825.0,3825300,0.0,0.0
2023-10-25,830.0,845.0,820.0,825.0,2628300,0.0,0.0
2023-10-26,835.0,835.0,795.0,805.0,4092800,0.0,0.0
2023-10-27,805.0,825.0,805.0,810.0,1765000,0.0,0.0
2023-10-30,810.0,840.0,810.0,835.0,3241900,0.0,0.0
2023-10-31,845.0,850.0,820.0,850.0,10451500,0.0,0.0
2023-11-01,850.0,850.0,820.0,820.0,5066300,0.0,0.0
2023-11-02,815.0,825.0,810.0,815.0,2711200,0.0,0.0
2023-11-03,820.0,850.0,815.0,840.0,5241600,0.0,0.0
2023-11-06,840.0,870.0,830.0,845.0,8419300,0.0,0.0
2023-11-07,850.0,855.0,840.0,840.0,3091400,0.0,0.0
2023-11-08,840.0,845.0,830.0,840.0,2458100,0.0,0.0
2023-11-09,850.0,850.0,790.0,790.0,13856100,0.0,0.0
2023-11-10,780.0,795.0,750.0,750.0,10732500,0.0,0.0
2023-11-13,750.0,755.0,735.0,750.0,2204500,0.0,0.0
2023-11-14,750.0,785.0,745.0,780.0,8004000,0.0,0.0
2023-11-15,780.0,835.0,775.0,810.0,12593800,0.0,0.0
2023-11-16,810.0,825.0,805.0,810.0,3789700,0.0,0.0
2023-11-17,810.0,810.0,780.0,785.0,4176700,0.0,0.0
2023-11-20,785.0,805.0,780.0,785.0,4516200,0.0,0.0
2023-11-21,785.0,805.0,780.0,790.0,4868500,0.0,0.0
2023-11-22,790.0,795.0,760.0,765.0,4906800,0.0,0.0
2023-11-23,765.0,790.0,765.0,770.0,5433700,0.0,0.0
2023-11-24,770.0,770.0,750.0,765.0,2036300,0.0,0.0
2023-11-27,760.0,785.0,755.0,780.0,3666100,0.0,0.0
2023-11-28,780.0,780.0,765.0,770.0,899500,0.0,0.0
2023-11-29,770.0,790.0,760.0,765.0,4514900,0.0,0.0
2023-11-30,760.0,765.0,755.0,755.0,1271300,0.0,0.0
2023-12-01,755.0,770.0,750.0,765.0,2297400,0.0,0.0
2023-12-04,765.0,765.0,745.0,755.0,2168200,0.0,0.0
2023-12-05,755.0,765.0,735.0,735.0,5778200,0.0,0.0
2023-12-06,735.0,770.0,735.0,760.0,4623600,0.0,0.0
2023-12-07,760.0,760.0,725.0,725.0,6876300,0.0,0.0
2023-12-08,725.0,735.0,720.0,725.0,4164000,0.0,0.0
2023-12-11,725.0,730.0,690.0,705.0,7857800,0.0,0.0
2023-12-12,705.0,710.0,700.0,705.0,2731500,0.0,0.0
2023-12-13,705.0,730.0,695.0,715.0,3809800,0.0,0.0
2023-12-14,715.0,775.0,710.0,750.0,12714000,0.0,0.0
2023-12-15,750.0,760.0,740.0,750.0,3260700,0.0,0.0
2023-12-18,750.0,770.0,745.0,765.0,4246800,0.0,0.0
2023-12-19,770.0,785.0,760.0,770.0,4799700,0.0,0.0
2023-12-20,770.0,805.0,765.0,775.0,9420600,0.0,0.0
2023-12-21,770.0,780.0,730.0,740.0,8469300,0.0,0.0
2023-12-22,755.0,755.0,735.0,755.0,2491700,0.0,0.0
2023-12-27,760.0,775.0,755.0,770.0,3190400,0.0,0.0
2023-12-28,775.0,780.0,760.0,760.0,2415200,0.0,0.0
2023-12-29,760.0,780.0,755.0,775.0,3359000,0.0,0.0
